p,coverage rate,avg length,method,F1 score
100,0.90625,12.39795126613804,MLE,0.5555555555555556
100,0.90625,18.277881157291674,Data splitting,0.4444444444444445
100,0.65,9.862512791750905,Naive,0.6
100,0.9166666666666666,13.09045149600352,MLE,0.631578947368421
100,0.84375,19.00837324204999,Data splitting,0.5555555555555556
100,0.8928571428571429,9.389775236798585,Naive,0.588235294117647
100,0.8333333333333334,12.613719597344272,MLE,0.5
100,0.75,18.050627328899868,Data splitting,0.625
100,0.95,8.602550822741335,Naive,0.6666666666666666
100,0.9166666666666666,12.666220707898539,MLE,0.5
100,1.0,16.423231071618076,Data splitting,0.625
100,0.9722222222222222,9.284038370517248,Naive,0.7368421052631577
100,0.875,12.268816429446337,MLE,0.6363636363636365
100,0.6785714285714286,19.320610705987566,Data splitting,0.7058823529411764
100,0.7222222222222222,9.702034996956465,Naive,0.7368421052631577
100,0.8333333333333334,12.992628018888723,MLE,0.5
100,0.9,16.3359492054282,Data splitting,0.6666666666666666
100,1.0,8.780632474045301,Naive,0.6666666666666666
100,0.9583333333333334,12.43887062541568,MLE,0.625
100,0.8125,15.328590007433398,Data splitting,0.4285714285714285
100,0.85,8.738087013136093,Naive,0.6666666666666666
100,0.9318181818181818,12.879030579125951,MLE,0.6666666666666666
100,0.9,15.769091919685076,Data splitting,0.4
100,0.8571428571428571,8.804899382669443,Naive,0.8235294117647058
100,0.8636363636363636,12.464883295358293,MLE,0.5714285714285713
100,1.0,16.227557771417427,Data splitting,0.6666666666666666
100,0.875,8.946899907703994,Naive,0.5
100,0.9166666666666666,12.49731892146731,MLE,0.631578947368421
100,0.9285714285714286,17.903566234290185,Data splitting,0.7058823529411764
100,0.875,8.966527408089505,Naive,0.7499999999999999
100,0.875,12.01762711941134,MLE,0.16666666666666669
100,1.0,12.662361779713342,Data splitting,0.33333333333333337
100,0.9166666666666666,7.6161923288147575,Naive,0.4615384615384615
100,0.975,12.862128970027522,MLE,0.5
100,0.9444444444444444,19.412066099610637,Data splitting,0.4210526315789474
100,0.85,9.670379975899209,Naive,0.5
100,0.9444444444444444,12.820474399219268,MLE,0.631578947368421
100,0.9166666666666666,17.817426880628016,Data splitting,0.625
100,0.875,8.290775771120499,Naive,0.5714285714285715
100,0.7954545454545454,13.14424382004345,MLE,0.5714285714285713
100,0.95,20.43900326584214,Data splitting,0.7
100,0.875,9.33623362186726,Naive,0.888888888888889
100,0.95,12.757976088917275,MLE,0.9
100,0.8214285714285714,19.733409070971543,Data splitting,0.7058823529411764
100,0.875,9.319711307163061,Naive,0.7777777777777777
100,0.9722222222222222,13.187408393105148,MLE,0.7368421052631577
100,0.9583333333333334,16.850885198449852,Data splitting,0.625
100,0.96875,9.180656449231115,Naive,0.7777777777777777
100,0.7857142857142857,12.860819357232481,MLE,0.588235294117647
100,0.78125,19.505129216658467,Data splitting,0.5555555555555556
100,0.75,8.815172150526367,Naive,0.5714285714285715
100,0.9166666666666666,13.008706136023937,MLE,0.5263157894736842
100,0.7916666666666666,17.102325333446462,Data splitting,0.7499999999999999
100,0.85,8.534439796307566,Naive,0.6666666666666666
100,0.9166666666666666,13.09608516306328,MLE,0.5263157894736842
100,1.0,13.556318678773541,Data splitting,0.4615384615384615
100,0.9166666666666666,8.769984233560093,Naive,0.7499999999999999
100,0.9285714285714286,13.086692535061063,MLE,0.588235294117647
100,0.7857142857142857,17.5835454743608,Data splitting,0.3529411764705882
100,0.7916666666666666,8.637082963595473,Naive,0.37499999999999994
100,0.8541666666666666,12.983720090142121,MLE,0.5454545454545454
100,0.9166666666666666,17.248029027425005,Data splitting,0.7499999999999999
100,0.875,9.408557949621414,Naive,0.7
100,1.0,12.492137342189958,MLE,0.7
100,0.95,15.657864614391082,Data splitting,0.5333333333333333
100,0.8055555555555556,9.584999963210683,Naive,0.7368421052631577
100,0.9,13.064385951927076,MLE,0.7
100,0.875,14.488299921137587,Data splitting,0.5714285714285715
100,0.875,8.781791657344554,Naive,0.625
100,0.75,12.561914295596702,MLE,0.8000000000000002
100,0.8055555555555556,20.96572529294324,Data splitting,0.7368421052631577
100,0.6666666666666666,9.864513753887874,Naive,0.8421052631578948
100,0.9583333333333334,12.38784762915625,MLE,0.7499999999999999
100,0.95,15.57856154130053,Data splitting,0.6666666666666666
100,0.9166666666666666,8.935671088490315,Naive,0.7499999999999999
100,0.8958333333333334,13.291949032864894,MLE,0.6363636363636365
100,0.9444444444444444,19.121245375961145,Data splitting,0.7368421052631577
100,0.95,9.571578159184979,Naive,0.7
100,0.8333333333333334,13.068784293484468,MLE,0.5454545454545454
100,0.9166666666666666,15.919186934883227,Data splitting,0.5
100,0.9166666666666666,8.512259070858114,Naive,0.625
100,0.875,13.027652771413484,MLE,0.4444444444444445
100,0.9375,14.832363458107308,Data splitting,0.5714285714285715
100,0.8571428571428571,8.979897701305061,Naive,0.588235294117647
100,0.8863636363636364,12.533623896036568,MLE,0.8571428571428572
100,0.875,21.01902224831635,Data splitting,0.7777777777777777
100,0.875,9.87638717821319,Naive,0.8000000000000002
100,0.95,12.913531697501805,MLE,0.8000000000000002
100,0.8461538461538461,25.56653480979263,Data splitting,0.7826086956521738
100,0.925,9.86060685768533,Naive,0.7
100,0.9090909090909091,12.682958858969032,MLE,0.6666666666666666
100,0.8928571428571429,16.89977152246771,Data splitting,0.588235294117647
100,0.8888888888888888,9.424720169418197,Naive,0.631578947368421
100,0.8214285714285714,12.810253533438596,MLE,0.7058823529411764
100,0.8,17.17831281012067,Data splitting,0.5333333333333333
100,0.9166666666666666,9.0822297675362,Naive,0.625
100,0.8958333333333334,12.530185600647895,MLE,0.7272727272727272
100,0.90625,19.31446936619335,Data splitting,0.6666666666666665
100,0.875,10.173308397354017,Naive,0.7
100,0.9,12.39386006184015,MLE,0.4
100,0.8125,16.17433826877585,Data splitting,0.5714285714285715
100,0.75,8.103424746099437,Naive,0.4615384615384615
100,0.9615384615384616,13.007215529256777,MLE,0.608695652173913
100,0.71875,22.25468124173016,Data splitting,0.6666666666666665
100,0.9166666666666666,9.775727680799998,Naive,0.631578947368421
100,0.8863636363636364,12.841582359481079,MLE,0.6666666666666666
100,1.0,15.581904505225111,Data splitting,0.6666666666666666
100,0.8125,8.18855573664391,Naive,0.4285714285714285
100,0.9090909090909091,12.360648488225888,MLE,0.6666666666666666
100,0.875,17.73304129127012,Data splitting,0.625
100,0.7777777777777778,9.85947753565537,Naive,0.8421052631578948
100,0.9375,13.166216732005195,MLE,0.7777777777777777
100,1.0,15.074706721889896,Data splitting,0.6666666666666666
100,0.9583333333333334,8.715791190460171,Naive,0.625
100,0.8888888888888888,12.878354194432045,MLE,0.7368421052631577
100,0.8333333333333334,17.107074394478214,Data splitting,0.625
100,0.90625,9.730490024378636,Naive,0.888888888888889
100,0.8571428571428571,12.856112319795683,MLE,0.75
100,1.0,15.799300983752778,Data splitting,0.6666666666666666
100,0.8125,9.71216136925867,Naive,0.7777777777777777
100,0.90625,12.69291309896654,MLE,0.5555555555555556
100,0.6785714285714286,18.82695444548565,Data splitting,0.47058823529411764
100,0.84375,9.336930703409298,Naive,0.6666666666666665
100,0.96875,12.634264413755323,MLE,0.5555555555555556
100,0.9,17.196264528874767,Data splitting,0.4
100,0.75,9.254957334079805,Naive,0.588235294117647
100,0.875,12.559639318285384,MLE,0.6666666666666665
100,0.8333333333333334,16.197390127339606,Data splitting,0.37499999999999994
100,0.85,8.49578624274373,Naive,0.6666666666666666
100,0.875,13.354355133308843,MLE,0.6428571428571429
100,1.0,16.774139289818017,Data splitting,0.6666666666666666
100,0.7272727272727273,10.44708674412454,Naive,0.761904761904762
100,0.9583333333333334,13.02715992820498,MLE,0.7272727272727272
100,0.95,16.056389173698076,Data splitting,0.5333333333333333
100,0.96875,9.404053751287817,Naive,0.888888888888889
100,0.8928571428571429,12.7907312035107,MLE,0.7058823529411764
100,0.9375,15.014776311724384,Data splitting,0.5714285714285715
100,1.0,8.417630639284617,Naive,0.6666666666666666
100,0.9166666666666666,12.459738349150621,MLE,0.8181818181818182
100,0.9375,19.04708459484535,Data splitting,0.5555555555555556
100,0.875,10.176033257588786,Naive,0.8000000000000002
100,0.9285714285714286,12.833931991816641,MLE,0.47058823529411764
100,0.9166666666666666,15.892028599515854,Data splitting,0.25
100,0.6875,8.28205527535606,Naive,0.28571428571428575
100,0.825,12.845594236187235,MLE,0.6
100,0.9166666666666666,16.872877230251646,Data splitting,0.625
100,0.7777777777777778,9.431944499397824,Naive,0.7368421052631577
100,0.90625,12.845755326935315,MLE,0.7777777777777777
100,0.9375,15.231066207053201,Data splitting,0.5714285714285715
100,0.9583333333333334,8.828785442055834,Naive,0.7499999999999999
100,0.9,12.433710537439406,MLE,0.5333333333333333
100,1.0,13.0187896479969,Data splitting,0.33333333333333337
100,0.8125,8.28054318114291,Naive,0.5714285714285715
100,0.8333333333333334,12.487776486532633,MLE,0.625
100,0.95,16.349830239416825,Data splitting,0.5333333333333333
100,0.6,8.78522812154328,Naive,0.5333333333333333
100,0.9722222222222222,12.822195497333295,MLE,0.631578947368421
100,0.9375,17.878615468968704,Data splitting,0.7777777777777777
100,0.84375,9.272959551527972,Naive,0.7777777777777777
100,0.9375,12.594563650217319,MLE,0.5714285714285715
100,0.9583333333333334,16.2152501772815,Data splitting,0.7499999999999999
100,0.9,8.63580451734386,Naive,0.6666666666666666
100,0.8571428571428571,12.618035600000734,MLE,0.7058823529411764
100,0.9285714285714286,17.657173548794674,Data splitting,0.588235294117647
100,0.9166666666666666,8.832670696884255,Naive,0.7499999999999999
100,0.9166666666666666,12.81937156461553,MLE,0.7368421052631577
100,0.6363636363636364,22.957577577173268,Data splitting,0.761904761904762
100,0.8333333333333334,9.481773276014387,Naive,0.7368421052631577
100,0.85,12.535912196991088,MLE,0.6
100,0.8333333333333334,18.741627033155837,Data splitting,0.7368421052631577
100,0.9166666666666666,9.667565757976464,Naive,0.631578947368421
100,1.0,13.058972251919585,MLE,0.8421052631578948
100,0.9,16.383287379893872,Data splitting,0.6666666666666666
100,0.90625,9.209740257784143,Naive,0.888888888888889
100,0.925,12.660767005023573,MLE,0.7
100,0.9375,14.698704336507099,Data splitting,0.5714285714285715
100,0.7916666666666666,8.808226779773225,Naive,0.625
100,0.90625,12.790967594568597,MLE,0.7777777777777777
100,0.9642857142857143,16.123153594121337,Data splitting,0.47058823529411764
100,0.8928571428571429,8.932597691044833,Naive,0.7058823529411764
100,0.875,12.885946131282095,MLE,0.7777777777777777
100,0.75,18.213994858760106,Data splitting,0.7058823529411764
100,0.8125,9.260015677328198,Naive,0.888888888888889
100,0.9,12.639759098662307,MLE,0.9
100,0.7,16.55376440439739,Data splitting,0.5333333333333333
100,0.7857142857142857,9.009368148848546,Naive,0.8235294117647058
100,0.9444444444444444,13.443174875658743,MLE,0.5263157894736842
100,0.8611111111111112,21.392890698364,Data splitting,0.5263157894736842
100,0.9375,9.535098365787603,Naive,0.5555555555555556
100,0.9285714285714286,12.667306001408038,MLE,0.47058823529411764
100,1.0,16.89315908898365,Data splitting,0.5333333333333333
100,0.85,8.753555975166112,Naive,0.5333333333333333
100,0.90625,12.739956782240883,MLE,0.6666666666666665
100,0.6785714285714286,17.006470467149125,Data splitting,0.588235294117647
100,0.9,9.76133710704955,Naive,0.7
100,0.9444444444444444,12.983155033747378,MLE,0.5263157894736842
100,1.0,15.184928912379865,Data splitting,0.5333333333333333
100,0.9166666666666666,8.777208094781772,Naive,0.625
100,0.9166666666666666,12.809268974552625,MLE,0.631578947368421
100,1.0,16.9323826415821,Data splitting,0.588235294117647
100,0.9444444444444444,9.204810532334323,Naive,0.631578947368421
100,0.9375,12.780150548550303,MLE,0.5555555555555556
100,0.9642857142857143,16.606772683731922,Data splitting,0.588235294117647
100,0.78125,9.53972189779131,Naive,0.5555555555555556
100,0.6428571428571429,12.330349291398637,MLE,0.47058823529411764
100,0.95,16.095391027826786,Data splitting,0.5333333333333333
100,0.6666666666666666,9.085612065595397,Naive,0.625
100,0.84375,12.469224691296063,MLE,0.888888888888889
100,0.9583333333333334,16.41401888155716,Data splitting,0.625
100,0.8928571428571429,9.007510443892716,Naive,0.8235294117647058
100,0.75,11.943207224946804,MLE,0.6363636363636365
100,0.9166666666666666,17.561311841866342,Data splitting,0.625
100,0.75,9.912843329074981,Naive,0.7368421052631577
100,1.0,13.103548688256444,MLE,0.5555555555555556
100,0.7083333333333334,19.011310523087317,Data splitting,0.37499999999999994
100,0.8333333333333334,9.400681373498692,Naive,0.5263157894736842
100,0.9285714285714286,12.707525799372984,MLE,0.7058823529411764
100,0.85,16.707352857994607,Data splitting,0.6666666666666666
100,0.8214285714285714,8.977898997052078,Naive,0.8235294117647058
100,0.875,12.361746322094097,MLE,0.7
100,0.8611111111111112,18.28103174976102,Data splitting,0.631578947368421
100,0.8636363636363636,9.790578220668516,Naive,0.8571428571428572
100,0.8888888888888888,12.96370612080893,MLE,0.631578947368421
100,0.75,15.762362259709533,Data splitting,0.5714285714285715
100,0.9285714285714286,9.091394016040658,Naive,0.588235294117647
100,0.8125,12.867774663390415,MLE,0.6363636363636365
100,0.9444444444444444,17.29252388390138,Data splitting,0.7368421052631577
100,0.9,9.247777316445706,Naive,0.7
100,0.9444444444444444,12.463601936625686,MLE,0.7368421052631577
100,0.7777777777777778,22.029204113910566,Data splitting,0.7368421052631577
100,0.8541666666666666,10.416527182791013,Naive,0.8181818181818182
100,0.875,12.415269364344345,MLE,0.37499999999999994
100,0.95,15.587345543709535,Data splitting,0.4
100,0.625,8.428212582097096,Naive,0.4285714285714285
100,0.9285714285714286,12.982093587865787,MLE,0.75
100,1.0,15.613650726011645,Data splitting,0.6666666666666666
100,0.8,8.685673001634052,Naive,0.5333333333333333
100,0.9038461538461539,12.442184645471768,MLE,0.608695652173913
100,0.875,19.801369415347715,Data splitting,0.7777777777777777
100,0.8888888888888888,9.737354093797979,Naive,0.7368421052631577
100,0.9166666666666666,12.753483403706033,MLE,0.631578947368421
100,0.9583333333333334,16.635176008204514,Data splitting,0.625
100,0.875,8.690063166825789,Naive,0.7499999999999999
100,0.9,12.569665839232403,MLE,0.7
100,0.9642857142857143,17.61502215977279,Data splitting,0.8235294117647058
100,1.0,9.122835057957793,Naive,0.8235294117647058
100,0.9375,12.957773423753617,MLE,0.6363636363636365
100,0.9,15.973051649656725,Data splitting,0.6666666666666666
100,0.9166666666666666,9.490167229659095,Naive,0.7368421052631577
100,0.8571428571428571,13.276904997018972,MLE,0.5833333333333334
100,0.75,18.781521090744487,Data splitting,0.6666666666666665
100,0.8636363636363636,10.121792701288529,Naive,0.5714285714285713
100,0.8958333333333334,12.494410190763027,MLE,0.7272727272727272
100,0.95,15.775150216558668,Data splitting,0.6666666666666666
100,0.9583333333333334,8.704794871243068,Naive,0.7499999999999999
100,0.8863636363636364,12.703407353380264,MLE,0.5714285714285713
100,0.8333333333333334,17.429223004215576,Data splitting,0.625
100,0.75,9.23330958424623,Naive,0.7058823529411764
100,0.9,12.92087999949563,MLE,0.6
100,0.8571428571428571,18.10007415012779,Data splitting,0.47058823529411764
100,0.8055555555555556,9.58996739297863,Naive,0.7368421052631577
100,0.8636363636363636,12.460644300288378,MLE,0.8571428571428572
100,0.55,17.350666907684577,Data splitting,0.5333333333333333
100,0.7083333333333334,9.038449344294575,Naive,0.7499999999999999
100,0.9166666666666666,12.611537133939004,MLE,0.7368421052631577
100,0.8214285714285714,18.501821733278977,Data splitting,0.588235294117647
100,0.9166666666666666,9.037706182364532,Naive,0.7499999999999999
100,0.9090909090909091,12.462324501606854,MLE,0.761904761904762
100,0.9583333333333334,16.859736282389747,Data splitting,0.5
100,0.8333333333333334,8.8492386961019,Naive,0.7499999999999999
100,0.96875,12.662887691547613,MLE,0.6666666666666665
100,0.7857142857142857,18.368383170520598,Data splitting,0.7058823529411764
100,0.8055555555555556,9.860838173887045,Naive,0.7368421052631577
100,0.8409090909090909,12.821880405927214,MLE,0.6666666666666666
100,0.6944444444444444,20.86530904864029,Data splitting,0.7368421052631577
100,0.9722222222222222,9.818270482515432,Naive,0.7368421052631577
100,0.9722222222222222,12.64078627657331,MLE,0.8421052631578948
100,0.8,17.245669574615974,Data splitting,0.5333333333333333
100,0.8928571428571429,9.083557822711873,Naive,0.7058823529411764
100,0.9642857142857143,13.012935831726073,MLE,0.7058823529411764
100,0.85,15.47074738942614,Data splitting,0.6666666666666666
100,0.9285714285714286,8.852907745924524,Naive,0.8235294117647058
100,0.8125,13.018754046721183,MLE,0.6666666666666665
100,0.9722222222222222,18.407202946055556,Data splitting,0.8421052631578948
100,0.9285714285714286,8.66911599876965,Naive,0.7058823529411764
100,0.8125,12.686774562919318,MLE,0.5555555555555556
100,0.9166666666666666,14.598010433333556,Data splitting,0.4615384615384615
100,0.95,8.505568152722407,Naive,0.6666666666666666
100,0.8333333333333334,12.73532659829233,MLE,0.7272727272727272
100,0.8214285714285714,17.92351010080262,Data splitting,0.7058823529411764
100,0.6666666666666666,9.735016469712363,Naive,0.8421052631578948
100,0.75,13.026393041316275,MLE,0.5
100,0.85,20.933998333158208,Data splitting,0.4000000000000001
100,0.9642857142857143,9.088168098024934,Naive,0.588235294117647
100,0.9090909090909091,12.453240058371593,MLE,0.761904761904762
100,0.9583333333333334,16.44093462548693,Data splitting,0.7499999999999999
100,0.7777777777777778,9.526197594950792,Naive,0.8421052631578948
100,0.8636363636363636,12.892819336285868,MLE,0.6666666666666666
100,0.6875,15.340658278682406,Data splitting,0.5714285714285715
100,0.84375,9.330452911177597,Naive,0.6666666666666665
100,0.9375,12.990418605339652,MLE,0.5555555555555556
100,1.0,14.595505413749393,Data splitting,0.4615384615384615
100,0.8928571428571429,8.97670540381178,Naive,0.8235294117647058
100,0.875,12.770209523110331,MLE,0.5555555555555556
100,0.95,16.12418113830155,Data splitting,0.4
100,0.7,8.683185209046883,Naive,0.5333333333333333
100,0.8863636363636364,13.334227678487288,MLE,0.47619047619047616
100,0.75,17.383088138168908,Data splitting,0.7058823529411764
100,0.9444444444444444,9.059177547688563,Naive,0.631578947368421
100,0.9642857142857143,12.262802824944108,MLE,0.7058823529411764
100,0.75,18.537165221296632,Data splitting,0.7368421052631577
100,0.7727272727272727,9.999018633263377,Naive,0.761904761904762
100,0.8863636363636364,12.87951495824653,MLE,0.6666666666666666
100,0.8928571428571429,17.69650906787798,Data splitting,0.3529411764705882
100,0.7777777777777778,9.563208257708474,Naive,0.631578947368421
100,0.8571428571428571,12.614215865713879,MLE,0.75
100,0.9444444444444444,19.451498872669195,Data splitting,0.7368421052631577
100,0.825,9.713670198274041,Naive,0.8000000000000002
100,0.9,13.771541232491746,MLE,0.4000000000000001
100,0.8611111111111112,20.05864650360767,Data splitting,0.3157894736842105
100,0.875,10.412820139558457,Naive,0.5
100,0.9166666666666666,12.610288213791609,MLE,0.7368421052631577
100,0.8125,17.81388365334568,Data splitting,0.5555555555555556
100,0.8888888888888888,9.601696992148373,Naive,0.7368421052631577
100,0.9642857142857143,12.358056538749027,MLE,0.7058823529411764
100,0.96875,17.54438280305672,Data splitting,0.5555555555555556
100,0.7857142857142857,9.108255629146845,Naive,0.7058823529411764
100,0.9583333333333334,12.687242019126993,MLE,0.5
100,0.9166666666666666,14.219398991191092,Data splitting,0.30769230769230765
100,0.9375,8.954296374341421,Naive,0.6666666666666665
100,0.875,12.826403954266056,MLE,0.625
100,0.8,16.08520707480955,Data splitting,0.4
100,0.85,8.421406483818918,Naive,0.6666666666666666
100,0.8214285714285714,12.583585617333492,MLE,0.6666666666666666
100,0.9166666666666666,17.352926849458616,Data splitting,0.7499999999999999
100,0.7777777777777778,9.64121314600418,Naive,0.7368421052631577
100,0.875,12.686832224557639,MLE,0.37499999999999994
100,1.0,13.90058164931532,Data splitting,0.30769230769230765
100,0.7916666666666666,8.699691614863946,Naive,0.5
100,0.9166666666666666,12.531999314985162,MLE,0.6363636363636365
100,0.875,18.493384985800205,Data splitting,0.5555555555555556
100,0.9166666666666666,9.385734815450144,Naive,0.7368421052631577
100,0.9583333333333334,12.91683605479291,MLE,0.7272727272727272
100,0.8214285714285714,17.93888777774615,Data splitting,0.7058823529411764
100,0.9166666666666666,9.332521178260363,Naive,0.8421052631578948
100,0.9166666666666666,12.500538290895811,MLE,0.631578947368421
100,0.7857142857142857,19.961541015905368,Data splitting,0.8235294117647058
100,0.8333333333333334,9.700074875845438,Naive,0.8421052631578948
100,0.9375,12.762183828593503,MLE,0.7777777777777777
100,0.6944444444444444,20.2402982792551,Data splitting,0.7368421052631577
100,0.8636363636363636,9.806976719197307,Naive,0.9523809523809523
100,0.953125,13.28845003103244,MLE,0.7692307692307693
100,0.9375,18.968085073940898,Data splitting,0.7777777777777777
100,0.875,9.672998092491994,Naive,0.9
100,0.8409090909090909,12.454369039983334,MLE,0.8571428571428572
100,0.9642857142857143,17.3658206908904,Data splitting,0.588235294117647
100,0.8333333333333334,9.621356491199137,Naive,0.8421052631578948
100,0.7857142857142857,12.870986767208075,MLE,0.7058823529411764
100,0.9166666666666666,14.620020936839794,Data splitting,0.30769230769230765
100,0.875,8.594013491597295,Naive,0.7499999999999999
100,0.8571428571428571,12.341412329246948,MLE,0.75
100,0.9166666666666666,17.875122393985325,Data splitting,0.625
100,0.85,9.77344496543343,Naive,0.8000000000000002
100,0.9444444444444444,12.780967253516978,MLE,0.631578947368421
100,0.9285714285714286,17.783808021899524,Data splitting,0.7058823529411764
100,0.8333333333333334,9.603708229229822,Naive,0.7368421052631577
100,0.875,12.660762462761957,MLE,0.8181818181818182
100,0.8333333333333334,16.555703760374893,Data splitting,0.5
100,0.8611111111111112,9.296413997047544,Naive,0.8421052631578948
100,0.95,12.371304781293837,MLE,0.4
100,0.95,15.654482618077035,Data splitting,0.4
100,0.9166666666666666,8.687911242705313,Naive,0.7499999999999999
100,0.85,14.40109619188682,MLE,0.56
100,0.8076923076923077,26.532233880142236,Data splitting,0.6956521739130435
100,0.8653846153846154,11.219412871459859,Naive,0.608695652173913
100,0.9375,12.953532522824371,MLE,0.6666666666666665
100,0.6875,15.959488906800487,Data splitting,0.4285714285714285
100,0.8214285714285714,9.003512702990223,Naive,0.7058823529411764
100,0.9642857142857143,12.508329582491585,MLE,0.7058823529411764
100,0.8333333333333334,16.838421424803897,Data splitting,0.37499999999999994
100,0.8928571428571429,8.936069771177436,Naive,0.7058823529411764
100,0.875,12.479865716764488,MLE,0.5555555555555556
100,0.9285714285714286,18.218992448708715,Data splitting,0.588235294117647
100,0.85,10.200368325907482,Naive,0.6
100,0.8958333333333334,12.983762457557733,MLE,0.6363636363636365
100,0.9583333333333334,16.69085850062019,Data splitting,0.625
100,0.9,9.735214978201672,Naive,0.8000000000000002
100,0.875,12.717571072783747,MLE,0.37499999999999994
100,0.8571428571428571,16.654883854777285,Data splitting,0.47058823529411764
100,0.9166666666666666,8.60130401291167,Naive,0.5
100,0.95,13.528130324311942,MLE,0.4
100,0.8653846153846154,30.2718980597897,Data splitting,0.608695652173913
100,0.8666666666666667,11.317022400854825,Naive,0.56
100,0.8333333333333334,12.564037727982473,MLE,0.8421052631578948
100,0.9285714285714286,19.51161662706654,Data splitting,0.8235294117647058
100,0.8611111111111112,10.032144419780819,Naive,0.9473684210526316
100,0.8214285714285714,12.798246976172793,MLE,0.588235294117647
100,0.85,16.63290529637326,Data splitting,0.4
100,0.8214285714285714,9.253835501976857,Naive,0.7058823529411764
100,0.84375,12.869064190631581,MLE,0.4444444444444445
100,1.0,15.776221170726544,Data splitting,0.4
100,0.7916666666666666,8.967914663690513,Naive,0.5
100,0.95,12.706418250794982,MLE,0.5333333333333333
100,1.0,16.118731291402725,Data splitting,0.5
100,0.90625,9.167972452927081,Naive,0.6666666666666665
100,0.9642857142857143,12.878087707833155,MLE,0.47058823529411764
100,0.8,17.37628409119951,Data splitting,0.4
100,0.875,8.468774847502822,Naive,0.5714285714285715
100,0.9285714285714286,12.862817220748363,MLE,0.588235294117647
100,0.6875,15.822727933240794,Data splitting,0.5714285714285715
100,0.8571428571428571,9.140408372284899,Naive,0.7058823529411764
100,0.9722222222222222,12.592323177121383,MLE,0.8421052631578948
100,0.96875,17.117866106401053,Data splitting,0.7777777777777777
100,0.8611111111111112,9.726875550437564,Naive,0.8421052631578948
100,0.9375,12.827585755530492,MLE,0.7272727272727272
100,0.8928571428571429,17.413427454662855,Data splitting,0.47058823529411764
100,0.9318181818181818,9.721342540253929,Naive,0.8571428571428572
100,0.9,13.000241355029118,MLE,0.5
100,0.85,16.97936106234308,Data splitting,0.5333333333333333
100,0.78125,9.386970715705628,Naive,0.5555555555555556
100,0.8863636363636364,12.729742316356846,MLE,0.5714285714285713
100,0.8333333333333334,17.090215976945093,Data splitting,0.7499999999999999
100,0.78125,9.33555804556334,Naive,0.7777777777777777
100,0.925,12.787451989525337,MLE,0.9
100,0.875,17.044844864626945,Data splitting,0.7499999999999999
100,0.75,8.895163347753046,Naive,0.7499999999999999
100,0.8611111111111112,12.210938810279723,MLE,0.6428571428571429
100,0.875,19.199888385082126,Data splitting,0.6
100,0.8392857142857143,10.702230446025618,Naive,0.75
100,0.90625,12.808804560364383,MLE,0.6666666666666665
100,0.75,16.127577388318063,Data splitting,0.5333333333333333
100,0.84375,9.017877208570255,Naive,0.6666666666666665
100,0.9583333333333334,13.091792187893596,MLE,0.37499999999999994
100,1.0,13.369375002612585,Data splitting,0.15384615384615383
100,0.9166666666666666,8.483618882956897,Naive,0.25
100,0.7916666666666666,12.249685632515096,MLE,0.37499999999999994
100,0.625,15.414010421221427,Data splitting,0.28571428571428575
100,0.8611111111111112,9.258848715132014,Naive,0.631578947368421
100,0.9166666666666666,12.723976008239479,MLE,0.7368421052631577
100,0.8333333333333334,16.444025409275756,Data splitting,0.625
100,0.85,8.454000317892408,Naive,0.5333333333333333
100,0.8888888888888888,12.604516752267479,MLE,0.7368421052631577
100,0.85,16.99321180690268,Data splitting,0.5333333333333333
100,0.8928571428571429,9.274996503550584,Naive,0.7058823529411764
100,0.9,12.544311844761172,MLE,0.6
100,0.95,16.399471045646244,Data splitting,0.5333333333333333
100,0.75,8.465804770311586,Naive,0.5714285714285715
100,0.8541666666666666,12.268948217318105,MLE,0.6363636363636365
100,0.9583333333333334,16.61780636003111,Data splitting,0.625
100,0.8409090909090909,10.234975479830418,Naive,0.761904761904762
100,0.8958333333333334,12.925981428919224,MLE,0.45454545454545453
100,0.8571428571428571,19.386466631791357,Data splitting,0.3529411764705882
100,0.9285714285714286,9.417993650236655,Naive,0.47058823529411764
100,0.9166666666666666,12.44859544459288,MLE,0.5
100,0.90625,19.845773839884075,Data splitting,0.5555555555555556
100,0.7916666666666666,9.01837871278355,Naive,0.7499999999999999
100,0.9642857142857143,12.589191365733246,MLE,0.47058823529411764
100,0.9285714285714286,16.107008515220276,Data splitting,0.8235294117647058
100,0.8928571428571429,9.081266230727431,Naive,0.7058823529411764
100,0.95,13.055610312279693,MLE,0.5
100,0.625,19.188310337772897,Data splitting,0.37499999999999994
100,0.9375,9.186691918089995,Naive,0.6666666666666665
100,0.8888888888888888,12.809649666616814,MLE,0.631578947368421
100,1.0,16.01000540341425,Data splitting,0.5333333333333333
100,0.95,8.415330202837724,Naive,0.5333333333333333
100,0.8541666666666666,12.339155255407752,MLE,0.6363636363636365
100,0.875,16.35933132044438,Data splitting,0.5714285714285715
100,0.75,9.015021981534403,Naive,0.5333333333333333
100,0.90625,12.67428910474378,MLE,0.6666666666666665
100,0.9,15.762449394793652,Data splitting,0.5333333333333333
100,0.75,9.087093084756239,Naive,0.7777777777777777
100,0.78125,12.85747764656205,MLE,0.5555555555555556
100,0.8333333333333334,13.909795560861747,Data splitting,0.4615384615384615
100,0.8,8.700506696603302,Naive,0.5333333333333333
100,0.8653846153846154,13.051143084748105,MLE,0.608695652173913
100,0.8333333333333334,17.659580093557143,Data splitting,0.625
100,0.9375,9.293018627508458,Naive,0.6666666666666665
100,0.9,12.797335961031362,MLE,0.7
100,0.7142857142857143,18.237868654878966,Data splitting,0.7058823529411764
100,0.7083333333333334,8.877533887059945,Naive,0.625
100,0.8863636363636364,12.490998361724916,MLE,0.761904761904762
100,0.90625,17.365773016050035,Data splitting,0.7777777777777777
100,0.8611111111111112,9.431392300067433,Naive,0.8421052631578948
100,0.95,12.243129243155375,MLE,0.7
100,1.0,16.002065527496217,Data splitting,0.5333333333333333
100,0.84375,9.198894993516312,Naive,0.6666666666666665
100,1.0,12.480118547319716,MLE,0.6666666666666666
100,0.75,13.013437021760204,Data splitting,0.33333333333333337
100,0.75,8.859789924386325,Naive,0.625
100,0.8888888888888888,12.978389383840438,MLE,0.631578947368421
100,0.9375,19.053132613399296,Data splitting,0.5555555555555556
100,0.8333333333333334,9.56815876733422,Naive,0.5
100,0.9772727272727273,12.544751607088108,MLE,0.5714285714285713
100,0.8888888888888888,19.135598293744696,Data splitting,0.631578947368421
100,0.85,9.826512003240548,Naive,0.8000000000000002
100,0.9772727272727273,12.992560384087414,MLE,0.6666666666666666
100,0.8571428571428571,18.41543131527632,Data splitting,0.7058823529411764
100,0.8571428571428571,9.02231628942715,Naive,0.588235294117647
100,0.9166666666666666,12.75361967019763,MLE,0.8421052631578948
100,0.875,17.238964325379502,Data splitting,0.625
100,0.85,8.618683054296142,Naive,0.6666666666666666
100,0.9375,12.961979620272073,MLE,0.7272727272727272
100,0.75,17.467501299570962,Data splitting,0.5333333333333333
100,0.84375,9.280084338887109,Naive,0.7777777777777777
100,0.875,12.896270402709394,MLE,0.5
100,1.0,15.802097002111307,Data splitting,0.28571428571428575
100,0.8571428571428571,9.163239701434795,Naive,0.47058823529411764
100,0.9038461538461539,12.897887857379496,MLE,0.5217391304347826
100,0.9166666666666666,16.566979058662824,Data splitting,0.5
100,0.9375,9.022200024528933,Naive,0.5555555555555556
100,0.9791666666666666,12.820126880842446,MLE,0.7272727272727272
100,0.9285714285714286,16.534748028191576,Data splitting,0.3529411764705882
100,0.9285714285714286,8.748880484984735,Naive,0.588235294117647
100,0.95,12.534155140485922,MLE,0.8000000000000002
100,0.7857142857142857,18.33267128226024,Data splitting,0.7058823529411764
100,0.6666666666666666,10.04134768945428,Naive,0.8421052631578948
100,0.8125,12.237599331062132,MLE,0.5714285714285715
100,0.9375,14.924788997243109,Data splitting,0.4285714285714285
100,0.9166666666666666,7.89109749646595,Naive,0.4615384615384615
100,0.9722222222222222,12.808883635698649,MLE,0.631578947368421
100,0.8571428571428571,17.87573002512144,Data splitting,0.588235294117647
100,0.96875,9.290951903279174,Naive,0.6666666666666665
100,0.9285714285714286,12.668039360127144,MLE,0.588235294117647
100,0.9375,15.193799928257029,Data splitting,0.5714285714285715
100,0.8214285714285714,9.029721474643559,Naive,0.588235294117647
100,0.84375,12.611697049397327,MLE,0.5555555555555556
100,0.7142857142857143,19.13382421917977,Data splitting,0.47058823529411764
100,0.6666666666666666,9.63900814901283,Naive,0.7368421052631577
100,0.9166666666666666,12.251074427213965,MLE,0.8421052631578948
100,1.0,16.01881629727159,Data splitting,0.6666666666666666
100,0.8333333333333334,9.124167126547606,Naive,0.7499999999999999
100,0.9444444444444444,12.719980162370746,MLE,0.7368421052631577
100,0.90625,17.53118218274286,Data splitting,0.4444444444444445
100,0.78125,9.246878276072579,Naive,0.6666666666666665
100,0.9285714285714286,12.743419093997447,MLE,0.47058823529411764
100,0.875,14.64971563222573,Data splitting,0.4285714285714285
100,0.8125,8.027049720274908,Naive,0.5714285714285715
100,0.8611111111111112,13.326117128026906,MLE,0.5263157894736842
100,0.9375,19.51686246580687,Data splitting,0.5555555555555556
100,0.90625,9.623016235188816,Naive,0.6666666666666665
100,0.9090909090909091,12.683646585080567,MLE,0.47619047619047616
100,1.0,14.879963261669857,Data splitting,0.4285714285714285
100,0.78125,9.013078366042384,Naive,0.6666666666666665
100,0.9318181818181818,12.275019307055361,MLE,0.761904761904762
100,0.9722222222222222,18.862090667323073,Data splitting,0.631578947368421
100,0.8611111111111112,9.534884411340176,Naive,0.8421052631578948
100,0.8333333333333334,12.838444478833468,MLE,0.6363636363636365
100,0.9166666666666666,14.165022541735974,Data splitting,0.4615384615384615
100,0.8214285714285714,9.05638634433951,Naive,0.588235294117647
100,0.9722222222222222,12.44703957936547,MLE,0.631578947368421
100,0.875,17.557569300312355,Data splitting,0.5
100,0.7916666666666666,9.134136639039701,Naive,0.7499999999999999
100,0.8846153846153846,12.449703508024875,MLE,0.6956521739130435
100,0.8541666666666666,23.594630002664644,Data splitting,0.5454545454545454
100,0.7222222222222222,9.859281953481622,Naive,0.631578947368421
100,0.8461538461538461,12.924703295652854,MLE,0.608695652173913
100,0.84375,20.71099967243663,Data splitting,0.6666666666666665
100,0.875,10.089643910694518,Naive,0.7
100,0.9375,12.775354464812015,MLE,0.6666666666666665
100,0.75,14.664834591211783,Data splitting,0.28571428571428575
100,0.95,8.258171305706162,Naive,0.5333333333333333
100,0.8333333333333334,12.249826965621265,MLE,0.6363636363636365
100,0.9375,18.21808891284841,Data splitting,0.5555555555555556
100,0.8636363636363636,9.777561145738176,Naive,0.5714285714285713
100,0.8863636363636364,12.772237016732538,MLE,0.761904761904762
100,0.9375,16.747255897556315,Data splitting,0.5555555555555556
100,0.8214285714285714,8.948557076126736,Naive,0.588235294117647
100,0.85,13.034557997087688,MLE,0.7200000000000001
100,0.6944444444444444,20.10683976315654,Data splitting,0.5263157894736842
100,0.8846153846153846,10.638692298353764,Naive,0.8695652173913044
100,0.95,12.914479070651913,MLE,0.7
100,0.875,20.85091972039286,Data splitting,0.6
100,0.7916666666666666,9.031775202305996,Naive,0.625
100,0.9318181818181818,12.63308038407817,MLE,0.761904761904762
100,0.8571428571428571,18.026068050750688,Data splitting,0.7058823529411764
100,0.925,9.817809431764777,Naive,0.8000000000000002
100,0.90625,12.690391342807555,MLE,0.6666666666666665
100,1.0,14.155145122450117,Data splitting,0.30769230769230765
100,0.9375,8.105973854911147,Naive,0.4285714285714285
100,1.0,13.090460015388405,MLE,0.588235294117647
100,0.9583333333333334,15.947797815178996,Data splitting,0.5
100,1.0,8.624032656723044,Naive,0.625
100,0.90625,12.77833266481667,MLE,0.6666666666666665
100,0.8333333333333334,19.341441926618625,Data splitting,0.7368421052631577
100,0.7857142857142857,9.092556497799194,Naive,0.7058823529411764
100,0.9722222222222222,12.75086977948254,MLE,0.4210526315789474
100,0.875,14.978884817321074,Data splitting,0.28571428571428575
100,0.95,8.21269825626261,Naive,0.4
100,0.8846153846153846,13.348145471338844,MLE,0.608695652173913
100,0.8611111111111112,21.534450257564554,Data splitting,0.5263157894736842
100,0.7954545454545454,10.610210432824081,Naive,0.6666666666666666
100,0.90625,12.74087647422225,MLE,0.5555555555555556
100,0.8125,14.610500081357806,Data splitting,0.5714285714285715
100,0.85,8.32403170833572,Naive,0.6666666666666666
100,1.0,12.454174576273138,MLE,0.625
100,0.8333333333333334,16.969342565444165,Data splitting,0.625
100,0.9,8.568735287078976,Naive,0.6666666666666666
100,0.8,12.448860199323349,MLE,0.7
100,0.9285714285714286,19.002439975968457,Data splitting,0.588235294117647
100,0.7857142857142857,9.633629623665675,Naive,0.7058823529411764
100,0.8409090909090909,12.185932145907106,MLE,0.8571428571428572
100,0.875,22.114127347779068,Data splitting,0.9
100,0.875,10.423910926461252,Naive,0.9
100,0.90625,12.691687600791004,MLE,0.5555555555555556
100,0.85,16.54225225310554,Data splitting,0.5333333333333333
100,0.7857142857142857,9.06764593532862,Naive,0.588235294117647
100,1.0,12.979020566248073,MLE,0.6666666666666666
100,0.875,19.687112545524446,Data splitting,0.5555555555555556
100,0.9,9.570700843991494,Naive,0.6
100,0.8611111111111112,12.788204621315758,MLE,0.631578947368421
100,1.0,15.841650212444176,Data splitting,0.5333333333333333
100,0.9583333333333334,8.848987515612249,Naive,0.7499999999999999
100,0.90625,12.739274250951302,MLE,0.7777777777777777
100,0.9375,15.445988120601974,Data splitting,0.4285714285714285
100,0.9166666666666666,8.817578196095633,Naive,0.7499999999999999
100,0.8888888888888888,12.859713049241263,MLE,0.631578947368421
100,0.9166666666666666,13.75197139639811,Data splitting,0.4615384615384615
100,0.84375,9.279694354453,Naive,0.888888888888889
100,0.9,13.02516984294176,MLE,0.64
100,0.9,15.212885155123876,Data splitting,0.5333333333333333
100,0.8214285714285714,9.032432562055764,Naive,0.588235294117647
100,0.9642857142857143,12.635362078514122,MLE,0.7058823529411764
100,0.875,14.518912609075123,Data splitting,0.5714285714285715
100,0.8571428571428571,8.695894945993556,Naive,0.7058823529411764
100,0.9375,12.883336251606025,MLE,0.5555555555555556
100,0.65,16.66591703814089,Data splitting,0.4
100,0.625,8.44085511233228,Naive,0.5714285714285715
100,0.9722222222222222,12.72820439477114,MLE,0.8421052631578948
100,0.9,15.496973852818908,Data splitting,0.6666666666666666
100,0.8928571428571429,8.94981187801237,Naive,0.8235294117647058
100,0.9444444444444444,12.696795111592728,MLE,0.631578947368421
100,0.75,18.550923908850645,Data splitting,0.7058823529411764
100,0.8214285714285714,9.262273681167647,Naive,0.7058823529411764
100,0.9722222222222222,13.00920944584905,MLE,0.4210526315789474
100,0.9642857142857143,17.160297681273,Data splitting,0.588235294117647
100,0.9,8.710583833610535,Naive,0.6666666666666666
100,0.8666666666666667,12.399069853361114,MLE,0.7200000000000001
100,1.0,15.807346774510501,Data splitting,0.5333333333333333
100,0.8,9.866496303309884,Naive,0.8000000000000002
100,0.9,12.479653665225959,MLE,0.7
100,0.8928571428571429,17.534628424950576,Data splitting,0.588235294117647
100,0.8333333333333334,8.662006660121405,Naive,0.625
100,0.9,13.14340630317829,MLE,0.7
100,0.875,16.818312551692284,Data splitting,0.5
100,0.90625,9.27226894738676,Naive,0.5555555555555556
100,0.8888888888888888,12.87718393937527,MLE,0.7368421052631577
100,0.8333333333333334,17.18241020914533,Data splitting,0.625
100,0.75,8.321577049698952,Naive,0.4285714285714285
100,0.9090909090909091,12.589756176838499,MLE,0.6666666666666666
100,0.85,16.601148984550928,Data splitting,0.4
100,0.75,9.365892042272757,Naive,0.5555555555555556
100,0.875,12.30947450319284,MLE,0.6666666666666665
100,0.875,18.93977078543991,Data splitting,0.6666666666666665
100,0.6666666666666666,10.119925205250533,Naive,0.8421052631578948
100,0.8125,12.897152970115265,MLE,0.6363636363636365
100,0.7777777777777778,21.791085615714085,Data splitting,0.7368421052631577
100,0.78125,9.600768585713094,Naive,0.7777777777777777
100,0.84375,12.624904969624264,MLE,0.6666666666666665
100,0.9444444444444444,18.43788545024362,Data splitting,0.8421052631578948
100,0.84375,9.515512394250507,Naive,0.6666666666666665
100,0.9166666666666666,12.449434351828879,MLE,0.8421052631578948
100,0.8611111111111112,20.615050167088192,Data splitting,0.631578947368421
100,0.96875,9.426635766994082,Naive,0.7777777777777777
100,0.9230769230769231,12.813917506727474,MLE,0.5217391304347826
100,0.7708333333333334,23.217313430285405,Data splitting,0.5454545454545454
100,0.875,10.617462347768006,Naive,0.7272727272727272
100,0.8181818181818182,12.595957685182102,MLE,0.6666666666666666
100,0.5,14.755760366790467,Data splitting,0.4615384615384615
100,0.75,8.891291090959147,Naive,0.7058823529411764
100,1.0,12.912142864057685,MLE,0.625
100,0.8333333333333334,16.33324897886472,Data splitting,0.625
100,0.9166666666666666,8.658681113913248,Naive,0.7499999999999999
100,0.96875,12.393153779453469,MLE,0.7777777777777777
100,0.7857142857142857,17.804103670374396,Data splitting,0.8235294117647058
100,0.8928571428571429,8.859584111688221,Naive,0.7058823529411764
100,0.9090909090909091,12.311950624411105,MLE,0.5714285714285713
100,0.8214285714285714,17.33287974672859,Data splitting,0.47058823529411764
100,0.75,9.147921752900345,Naive,0.5555555555555556
100,1.0,13.317928516297915,MLE,0.4000000000000001
100,0.875,15.051201138080057,Data splitting,0.4285714285714285
100,0.8928571428571429,9.014518264726492,Naive,0.588235294117647
100,0.8928571428571429,13.091625462128793,MLE,0.588235294117647
100,0.8333333333333334,18.25049973070267,Data splitting,0.7499999999999999
100,0.78125,9.423697472587985,Naive,0.7777777777777777
100,0.9375,12.582885457679177,MLE,0.7272727272727272
100,0.7222222222222222,20.703348500078423,Data splitting,0.5263157894736842
100,0.7777777777777778,10.029594930890712,Naive,0.631578947368421
100,0.90625,13.007312315520897,MLE,0.6666666666666665
100,0.8888888888888888,19.000242649385104,Data splitting,0.7368421052631577
100,0.8863636363636364,9.749565760310174,Naive,0.761904761904762
100,0.8863636363636364,13.118123138061287,MLE,0.47619047619047616
100,0.7142857142857143,18.2068729500974,Data splitting,0.588235294117647
100,0.7777777777777778,9.929287545596198,Naive,0.631578947368421
100,0.9,12.959176679199981,MLE,0.7
100,0.9583333333333334,17.294363420376033,Data splitting,0.37499999999999994
100,0.875,9.216938478669924,Naive,0.6666666666666665
100,0.925,13.072213948346938,MLE,0.6
100,0.95,15.734140632987543,Data splitting,0.6666666666666666
100,0.8571428571428571,9.214435460152599,Naive,0.7058823529411764
100,0.7857142857142857,12.998718150066823,MLE,0.47058823529411764
100,1.0,14.749320984922624,Data splitting,0.4615384615384615
100,0.9375,8.588808294446256,Naive,0.5714285714285715
100,0.825,12.7559190057546,MLE,0.6
100,1.0,16.60123859986677,Data splitting,0.5
100,0.875,8.772578621180088,Naive,0.5
100,0.75,12.664672724773995,MLE,0.625
100,1.0,10.695785819165959,Data splitting,0.18181818181818182
100,0.8125,8.217130854452828,Naive,0.5714285714285715
100,0.9,12.946842933925947,MLE,0.7
100,1.0,14.759167790569098,Data splitting,0.4285714285714285
100,0.95,9.487070508147731,Naive,0.8000000000000002
100,0.95,13.405085613219635,MLE,0.6
100,1.0,13.931064480779582,Data splitting,0.30769230769230765
100,0.8928571428571429,9.0234422343315,Naive,0.588235294117647
100,0.8888888888888888,12.740804197428925,MLE,0.7368421052631577
100,1.0,15.535141877318045,Data splitting,0.6666666666666666
100,0.7916666666666666,8.955575716257126,Naive,0.7499999999999999
100,0.9642857142857143,12.644763891857977,MLE,0.47058823529411764
100,0.5416666666666666,18.942743619632594,Data splitting,0.37499999999999994
100,0.7857142857142857,9.011901626389657,Naive,0.7058823529411764
100,0.95,12.69878012621579,MLE,0.7
100,0.85,15.414064167917951,Data splitting,0.5333333333333333
100,0.9375,9.13437340116202,Naive,0.5555555555555556
100,0.9444444444444444,12.681559234516774,MLE,0.7368421052631577
100,0.7083333333333334,18.301352631697586,Data splitting,0.625
100,0.7857142857142857,9.471747519039964,Naive,0.7058823529411764
100,0.90625,12.574590215239162,MLE,0.6666666666666665
100,0.9642857142857143,17.429196427650243,Data splitting,0.8235294117647058
100,0.9285714285714286,9.173107901724578,Naive,0.7058823529411764
100,0.8409090909090909,13.11940909669509,MLE,0.761904761904762
100,0.96875,17.62913102192482,Data splitting,0.5555555555555556
100,0.7083333333333334,9.069830062925298,Naive,0.5
100,0.9090909090909091,12.77627398935764,MLE,0.761904761904762
100,0.8333333333333334,18.50517729036117,Data splitting,0.7499999999999999
100,0.8214285714285714,9.206692645738247,Naive,0.7058823529411764
100,0.875,12.946167800762998,MLE,0.7272727272727272
100,0.8181818181818182,21.83521463821834,Data splitting,0.761904761904762
100,0.75,9.271992684923207,Naive,0.7368421052631577
100,0.925,12.904885765854413,MLE,0.7
100,0.6785714285714286,19.486561665911086,Data splitting,0.7058823529411764
100,0.9642857142857143,9.145867913675778,Naive,0.8235294117647058
100,1.0,12.90591419131802,MLE,0.5
100,0.875,15.882431069333748,Data splitting,0.7499999999999999
100,0.875,8.316081984981604,Naive,0.5714285714285715
100,0.9583333333333334,12.864369849770574,MLE,0.8181818181818182
100,0.9642857142857143,17.41424288482954,Data splitting,0.588235294117647
100,0.9,9.524000616535883,Naive,0.8000000000000002
100,0.9166666666666666,12.624398516713951,MLE,0.8181818181818182
100,0.8611111111111112,18.729678263914337,Data splitting,0.7368421052631577
100,0.8611111111111112,9.660225208836986,Naive,0.7368421052631577
100,0.875,12.77658248837094,MLE,0.6363636363636365
100,0.8611111111111112,19.242520639180817,Data splitting,0.5263157894736842
100,0.75,9.669302633596427,Naive,0.7368421052631577
100,0.9166666666666666,12.68003369747229,MLE,0.5263157894736842
100,0.6944444444444444,22.623812559727355,Data splitting,0.7368421052631577
100,0.75,9.50401585918894,Naive,0.6666666666666665
100,0.9285714285714286,12.676807998626101,MLE,0.588235294117647
100,0.9285714285714286,17.92098091445359,Data splitting,0.8235294117647058
100,0.8928571428571429,9.18969985807111,Naive,0.588235294117647
100,0.95,12.599925447130655,MLE,0.5
100,0.7916666666666666,17.640682224278127,Data splitting,0.625
100,0.9285714285714286,9.295648872488638,Naive,0.7058823529411764
100,0.8269230769230769,12.914776633855528,MLE,0.7826086956521738
100,0.9375,18.812297886801602,Data splitting,0.5555555555555556
100,0.78125,9.487116144012617,Naive,0.6666666666666665
100,0.9166666666666666,12.666404236093229,MLE,0.7272727272727272
100,0.8928571428571429,18.02737723274687,Data splitting,0.7058823529411764
100,0.9318181818181818,10.151992288989243,Naive,0.6666666666666666
100,0.8333333333333334,12.91710666011135,MLE,0.7499999999999999
100,0.7857142857142857,17.530588439877004,Data splitting,0.7058823529411764
100,0.84375,9.171287886971484,Naive,0.6666666666666665
100,0.8055555555555556,13.224657831229798,MLE,0.7368421052631577
100,0.8571428571428571,16.883361430925824,Data splitting,0.588235294117647
100,0.96875,9.123585206707972,Naive,0.888888888888889
100,0.9444444444444444,12.996683379286836,MLE,0.7368421052631577
100,0.85,16.45588853862281,Data splitting,0.6666666666666666
100,0.875,8.824911261698123,Naive,0.7499999999999999
100,0.7916666666666666,12.519560233903993,MLE,0.45454545454545453
100,0.9722222222222222,19.893518665423997,Data splitting,0.5263157894736842
100,0.75,9.47161202008542,Naive,0.5263157894736842
100,0.9583333333333334,12.697777350173249,MLE,0.37499999999999994
100,0.75,15.648657879826072,Data splitting,0.5714285714285715
100,0.9375,8.194807831948093,Naive,0.4285714285714285
100,0.8653846153846154,12.816773260988807,MLE,0.608695652173913
100,0.875,17.259446041543278,Data splitting,0.6666666666666665
100,0.8214285714285714,8.812102170655727,Naive,0.588235294117647
100,1.0,12.783465610533753,MLE,0.6666666666666665
100,0.8214285714285714,19.223650698774833,Data splitting,0.588235294117647
100,0.8125,9.60550355689249,Naive,0.888888888888889
100,1.0,13.064537766766014,MLE,0.5263157894736842
100,0.95,15.880193834492147,Data splitting,0.6666666666666666
100,0.8571428571428571,8.89282267969283,Naive,0.588235294117647
100,0.9166666666666666,13.048717772357548,MLE,0.625
100,0.85,16.50347100376498,Data splitting,0.5333333333333333
100,1.0,8.742874361429585,Naive,0.6666666666666666
100,0.8409090909090909,12.594883175329748,MLE,0.6666666666666666
100,0.7272727272727273,20.757294888839823,Data splitting,0.5714285714285713
100,0.7777777777777778,9.339538735226226,Naive,0.7368421052631577
100,0.9166666666666666,13.078224521800388,MLE,0.5
100,0.9166666666666666,13.946467606456464,Data splitting,0.30769230769230765
100,0.65,8.5854203653431,Naive,0.4
100,0.9,12.793782528532912,MLE,0.7
100,0.7916666666666666,17.056139438604205,Data splitting,0.625
100,0.90625,9.353035440623966,Naive,0.6666666666666665
100,0.9545454545454546,13.04124960208897,MLE,0.6666666666666666
100,0.8888888888888888,18.97786708023809,Data splitting,0.631578947368421
100,1.0,8.745514579175525,Naive,0.7499999999999999
100,0.9090909090909091,12.896477765142095,MLE,0.761904761904762
100,0.8,23.87768306548126,Data splitting,0.7
100,0.9285714285714286,9.63476708238211,Naive,0.7058823529411764
100,1.0,12.54323575151502,MLE,0.7368421052631577
100,1.0,16.83283623840062,Data splitting,0.588235294117647
100,0.875,9.663285268660573,Naive,0.8000000000000002
100,0.8636363636363636,12.739241342551054,MLE,0.380952380952381
100,0.8333333333333334,17.078928887495426,Data splitting,0.37499999999999994
100,0.7916666666666666,8.969090660117793,Naive,0.5
100,0.9375,12.761693693155111,MLE,0.5555555555555556
100,0.9583333333333334,16.036207186501645,Data splitting,0.625
100,0.9285714285714286,9.116275040680323,Naive,0.7058823529411764
100,0.8611111111111112,12.904364107012968,MLE,0.8421052631578948
100,1.0,14.455556662592523,Data splitting,0.5714285714285715
100,0.75,8.480537719245469,Naive,0.5333333333333333
100,0.8214285714285714,12.837868103944993,MLE,0.47058823529411764
100,1.0,15.651152269108556,Data splitting,0.33333333333333337
100,0.9375,8.064006155404352,Naive,0.5714285714285715
100,0.9285714285714286,13.474906704240542,MLE,0.5
100,0.8214285714285714,18.059753446552467,Data splitting,0.47058823529411764
100,0.9375,9.869745860964516,Naive,0.7272727272727272
100,0.9375,12.488363103828764,MLE,0.5555555555555556
100,0.625,17.38851128148176,Data splitting,0.625
100,0.7142857142857143,8.813000600910168,Naive,0.7058823529411764
100,0.875,12.691562546136,MLE,0.5
100,1.0,14.73575562271501,Data splitting,0.4615384615384615
100,0.85,8.411250763365285,Naive,0.5333333333333333
100,0.9545454545454546,12.92055795045948,MLE,0.8571428571428572
100,0.75,21.615581390445698,Data splitting,0.5263157894736842
100,0.84375,9.700007031066963,Naive,0.6666666666666665
100,0.8409090909090909,13.237803626922442,MLE,0.6666666666666666
100,0.8269230769230769,28.731460476756563,Data splitting,0.608695652173913
100,0.9038461538461539,10.653427979897797,Naive,0.6956521739130435
100,1.0,13.001337464200397,MLE,0.5714285714285713
100,1.0,14.617471959427018,Data splitting,0.4285714285714285
100,1.0,7.894367137528659,Naive,0.4615384615384615
100,0.975,12.681949536981117,MLE,0.7
100,0.75,16.726813799442304,Data splitting,0.5
100,0.8928571428571429,8.851116019078745,Naive,0.8235294117647058
100,0.9722222222222222,12.715029409765187,MLE,0.631578947368421
100,0.95,16.66071762828558,Data splitting,0.6666666666666666
100,0.8928571428571429,9.281657053158415,Naive,0.8235294117647058
100,0.8636363636363636,12.895315414589476,MLE,0.8571428571428572
100,0.8928571428571429,17.490933784030975,Data splitting,0.8235294117647058
100,0.875,9.777467436016284,Naive,0.9
100,0.9,12.448151475319412,MLE,0.4
100,0.9166666666666666,13.636190954528702,Data splitting,0.4615384615384615
100,0.75,7.995234050272774,Naive,0.4285714285714285
100,0.9090909090909091,13.0286675281334,MLE,0.5714285714285713
100,0.7857142857142857,17.92835141438145,Data splitting,0.7058823529411764
100,0.71875,9.896212420961122,Naive,0.888888888888889
100,0.8846153846153846,12.4585081905117,MLE,0.7826086956521738
100,0.9166666666666666,16.094646973605496,Data splitting,0.625
100,0.8928571428571429,9.00688942113145,Naive,0.8235294117647058
100,0.9090909090909091,12.651858998392822,MLE,0.5714285714285713
100,1.0,18.15383051424007,Data splitting,0.625
100,0.9166666666666666,8.965494385878339,Naive,0.5
100,0.9444444444444444,13.023524855586889,MLE,0.631578947368421
100,0.9375,15.312713966254671,Data splitting,0.5714285714285715
100,0.875,8.910065221581332,Naive,0.625
100,0.9642857142857143,12.857780835206395,MLE,0.588235294117647
100,1.0,14.725309740646344,Data splitting,0.6666666666666666
100,0.9166666666666666,8.462475228964704,Naive,0.7499999999999999
100,1.0,12.739000489634483,MLE,0.5
100,0.9166666666666666,13.679142700659455,Data splitting,0.4615384615384615
100,0.75,8.559112895143494,Naive,0.5333333333333333
100,0.75,12.318802873007323,MLE,0.625
100,0.8571428571428571,17.75197423905515,Data splitting,0.8235294117647058
100,0.8333333333333334,9.08300903370606,Naive,0.7499999999999999
100,0.85,12.849764328417688,MLE,0.6
100,0.875,17.41070805998674,Data splitting,0.625
100,0.75,9.045038393551748,Naive,0.625
100,0.8,12.469579139671747,MLE,0.8000000000000002
100,0.75,20.662199864203387,Data splitting,0.7368421052631577
100,0.6944444444444444,9.837527822478837,Naive,0.8421052631578948
100,0.9318181818181818,12.785623267446296,MLE,0.6666666666666666
100,0.9583333333333334,17.458202984344055,Data splitting,0.625
100,0.7777777777777778,9.668025395356862,Naive,0.7368421052631577
100,0.90625,12.66367383667875,MLE,0.7777777777777777
100,0.8571428571428571,17.461458540964532,Data splitting,0.8235294117647058
100,0.9,8.6298355466567,Naive,0.6666666666666666
100,0.925,12.471275276449266,MLE,0.7
100,0.7083333333333334,17.748214171911226,Data splitting,0.7499999999999999
100,0.925,9.351795599064882,Naive,0.8000000000000002
100,0.9090909090909091,12.401678033616685,MLE,0.761904761904762
100,0.8571428571428571,17.890277313354954,Data splitting,0.7058823529411764
100,0.7777777777777778,9.605777832329784,Naive,0.7368421052631577
100,0.8125,12.53126814993447,MLE,0.7777777777777777
100,0.9375,15.11445719761791,Data splitting,0.5714285714285715
100,0.85,8.657229929390041,Naive,0.6666666666666666
100,0.95,13.130745506826662,MLE,0.7
100,0.8928571428571429,16.757555298364778,Data splitting,0.588235294117647
100,0.9545454545454546,9.571613869198991,Naive,0.6666666666666666
100,0.9166666666666666,12.55863323188354,MLE,0.7368421052631577
100,1.0,15.639433251444768,Data splitting,0.5333333333333333
100,0.8611111111111112,9.749214468324023,Naive,0.7368421052631577
100,0.84375,13.24282507864397,MLE,0.6666666666666665
100,0.925,19.725262525363643,Data splitting,0.6
100,0.9166666666666666,9.31932671092515,Naive,0.7368421052631577
100,0.84375,12.255860176028346,MLE,0.5555555555555556
100,0.8333333333333334,21.97893821391179,Data splitting,0.5263157894736842
100,0.8214285714285714,9.653909778637427,Naive,0.7058823529411764
100,1.0,12.536526246141523,MLE,0.6666666666666665
100,0.8125,15.132971646634715,Data splitting,0.4285714285714285
100,0.9,8.567682200698101,Naive,0.5333333333333333
100,0.8333333333333334,13.195735893143226,MLE,0.7368421052631577
100,0.9166666666666666,16.728345067405034,Data splitting,0.625
100,0.9722222222222222,9.14675141988401,Naive,0.7368421052631577
100,0.9166666666666666,12.970367653809554,MLE,0.7272727272727272
100,0.85,16.742374778432204,Data splitting,0.6666666666666666
100,0.75,8.784391758907807,Naive,0.7499999999999999
100,0.8846153846153846,13.147395831864445,MLE,0.608695652173913
100,0.75,21.37010718211253,Data splitting,0.631578947368421
100,0.675,10.42739016940848,Naive,0.7
100,0.8636363636363636,12.461928053944058,MLE,0.6666666666666666
100,0.7916666666666666,17.73502823168044,Data splitting,0.625
100,0.7857142857142857,9.255883442585851,Naive,0.7058823529411764
100,0.8636363636363636,12.211401399498667,MLE,0.9523809523809523
100,0.875,17.87070731368031,Data splitting,0.7499999999999999
100,0.875,10.086290067049331,Naive,1.0
100,1.0,12.715119391391454,MLE,0.625
100,0.9375,15.313721306601511,Data splitting,0.4285714285714285
100,1.0,7.928652905764616,Naive,0.4615384615384615
100,0.9090909090909091,12.721052884466964,MLE,0.761904761904762
100,0.8958333333333334,21.000088985122996,Data splitting,0.6363636363636365
100,0.9090909090909091,9.860252654091948,Naive,0.5714285714285713
100,0.9,12.782293648347132,MLE,0.6
100,0.625,23.65551097341935,Data splitting,0.7777777777777777
100,0.7916666666666666,9.193759461315752,Naive,0.625
100,1.0,12.82804236256137,MLE,0.5555555555555556
100,0.75,15.755655964930025,Data splitting,0.5333333333333333
100,0.95,8.618807893733685,Naive,0.5333333333333333
100,0.9375,12.928461227865625,MLE,0.5555555555555556
100,0.8333333333333334,14.50428366123303,Data splitting,0.4615384615384615
100,0.90625,9.33791502070894,Naive,0.7777777777777777
100,0.9444444444444444,13.000598109840885,MLE,0.8421052631578948
100,0.8125,17.701630938261147,Data splitting,0.5555555555555556
100,0.96875,9.232887622310553,Naive,0.7777777777777777
100,0.9583333333333334,12.907641235110866,MLE,0.625
100,1.0,14.016122714030976,Data splitting,0.30769230769230765
100,0.9285714285714286,8.884074325067862,Naive,0.7058823529411764
100,0.8636363636363636,13.039826000633127,MLE,0.47619047619047616
100,0.95,15.478051617978625,Data splitting,0.4
100,0.7857142857142857,9.093161496852396,Naive,0.47058823529411764
100,0.9166666666666666,12.899199810303154,MLE,0.625
100,0.875,12.611994876558697,Data splitting,0.16666666666666669
100,0.84375,9.112564623456354,Naive,0.6666666666666665
100,0.8636363636363636,12.914062753097438,MLE,0.6666666666666666
100,0.8571428571428571,18.014769446641527,Data splitting,0.588235294117647
100,0.78125,9.614426974370053,Naive,0.6666666666666665
100,0.8181818181818182,12.23495907870502,MLE,0.761904761904762
100,0.95,16.293721585085127,Data splitting,0.6666666666666666
100,0.6785714285714286,9.39170982386759,Naive,0.8235294117647058
100,0.9375,13.056646091291245,MLE,0.4444444444444445
100,0.7083333333333334,16.158724068748807,Data splitting,0.5
100,0.9583333333333334,8.526619943056348,Naive,0.37499999999999994
100,0.9285714285714286,12.794717314861648,MLE,0.7058823529411764
100,1.0,15.349866896619897,Data splitting,0.5714285714285715
100,1.0,8.326738286221502,Naive,0.6666666666666666
100,0.9375,12.785203421121789,MLE,0.6666666666666665
100,0.9583333333333334,16.638350134338147,Data splitting,0.625
100,0.96875,9.20308354540488,Naive,0.6666666666666665
100,0.9583333333333334,12.914529974051412,MLE,0.7272727272727272
100,0.7708333333333334,23.602287116002646,Data splitting,0.6363636363636365
100,0.85,9.745156936095492,Naive,0.6
100,0.8409090909090909,12.391926421516695,MLE,0.6666666666666666
100,0.8055555555555556,18.171982981616086,Data splitting,0.7368421052631577
100,0.7142857142857143,9.420254757622304,Naive,0.7058823529411764
100,0.8636363636363636,12.988915005815,MLE,0.47619047619047616
100,1.0,15.565182449976685,Data splitting,0.5333333333333333
100,0.84375,9.502208179651708,Naive,0.6666666666666665
100,0.890625,13.026331621979146,MLE,0.6153846153846154
100,0.9318181818181818,19.734726715042907,Data splitting,0.5714285714285713
100,0.85,11.088758061260105,Naive,0.7200000000000001
100,0.8269230769230769,12.883843916948175,MLE,0.6956521739130435
100,0.9642857142857143,18.74397488438255,Data splitting,0.8235294117647058
100,0.9375,9.691490660775374,Naive,0.888888888888889
100,0.8928571428571429,12.725949486987135,MLE,0.75
100,0.725,20.283947258074466,Data splitting,0.7
100,0.8125,10.287034147368951,Naive,0.8181818181818182
100,0.8214285714285714,12.81551837367657,MLE,0.47058823529411764
100,0.9,16.015554156814208,Data splitting,0.6666666666666666
100,0.8571428571428571,9.15933511345692,Naive,0.47058823529411764
100,0.9285714285714286,12.768241311895626,MLE,0.588235294117647
100,0.95,15.838579189642207,Data splitting,0.6666666666666666
100,0.85,8.554004682279695,Naive,0.6666666666666666
100,0.9545454545454546,12.876603837965733,MLE,0.6666666666666666
100,0.9642857142857143,16.84851026842116,Data splitting,0.7058823529411764
100,0.9166666666666666,8.783410734265935,Naive,0.7499999999999999
100,0.9375,12.591752966297317,MLE,0.7777777777777777
100,0.8928571428571429,17.295031686039156,Data splitting,0.7058823529411764
100,0.825,9.8424638728028,Naive,0.8000000000000002
100,0.875,12.434867723346374,MLE,0.7777777777777777
100,0.8928571428571429,18.324950599179576,Data splitting,0.8235294117647058
100,0.84375,9.457812825145018,Naive,0.7777777777777777
100,0.9,12.419340619510573,MLE,0.4
100,0.8333333333333334,13.718017543289188,Data splitting,0.4615384615384615
100,0.90625,9.154470694348122,Naive,0.6666666666666665
100,0.95,12.403180084709536,MLE,0.6666666666666666
100,0.95,15.964251201090377,Data splitting,0.5333333333333333
100,0.9166666666666666,8.902219161919662,Naive,0.625
100,0.8636363636363636,12.678230000120102,MLE,0.6666666666666666
100,0.9166666666666666,14.02829924211627,Data splitting,0.4615384615384615
100,0.75,9.737460915591098,Naive,0.7
100,0.9166666666666666,12.711663286580912,MLE,0.7368421052631577
100,0.95,16.310140539537038,Data splitting,0.5333333333333333
100,0.90625,9.380085207304763,Naive,0.6666666666666665
100,0.90625,12.966832600645581,MLE,0.5555555555555556
100,0.9166666666666666,16.269167263931603,Data splitting,0.5
100,0.78125,8.928633784246298,Naive,0.5555555555555556
100,0.9166666666666666,12.688047121799542,MLE,0.7368421052631577
100,0.90625,18.710416985802514,Data splitting,0.5555555555555556
100,0.8571428571428571,9.405584799373639,Naive,0.7058823529411764
100,0.8653846153846154,12.720685721758132,MLE,0.6956521739130435
100,0.9444444444444444,19.386104478316142,Data splitting,0.631578947368421
100,0.925,9.808252544221133,Naive,0.7
100,0.9318181818181818,12.400176462046018,MLE,0.6666666666666666
100,0.7857142857142857,18.482580679203018,Data splitting,0.7058823529411764
100,0.8125,9.451915527684582,Naive,0.7777777777777777
100,0.8392857142857143,13.51568466595711,MLE,0.6666666666666666
100,0.9285714285714286,17.820825558380474,Data splitting,0.588235294117647
100,0.875,8.719252512452266,Naive,0.37499999999999994
100,0.85,12.77001850428039,MLE,0.7
100,0.8928571428571429,17.83634289078862,Data splitting,0.588235294117647
100,0.75,9.406940150627388,Naive,0.47058823529411764
100,0.9642857142857143,13.176458910504179,MLE,0.6666666666666666
100,0.8333333333333334,19.37559244438084,Data splitting,0.631578947368421
100,0.85,9.88565260270497,Naive,0.8000000000000002
100,0.7857142857142857,12.781045820480083,MLE,0.588235294117647
100,1.0,14.981488348756063,Data splitting,0.5333333333333333
100,0.9166666666666666,8.455692616079542,Naive,0.625
100,0.875,12.365834419294464,MLE,0.8000000000000002
100,0.95,15.97938977413427,Data splitting,0.6666666666666666
100,0.90625,9.456570380762429,Naive,0.7777777777777777
100,0.9375,13.289623464183212,MLE,0.5384615384615384
100,0.925,19.87232414557163,Data splitting,0.5
100,0.7678571428571429,10.262721099132529,Naive,0.5
100,0.8461538461538461,12.703614639966336,MLE,0.6956521739130435
100,0.75,17.41838809437461,Data splitting,0.5
100,0.8214285714285714,9.118522237412108,Naive,0.588235294117647
100,0.9545454545454546,12.919229140837048,MLE,0.761904761904762
100,0.95,15.797964597355072,Data splitting,0.6666666666666666
100,0.9166666666666666,9.46470082867972,Naive,0.9473684210526316
100,0.96875,12.660440202471715,MLE,0.6666666666666665
100,0.8888888888888888,19.191175981704447,Data splitting,0.7368421052631577
100,0.8611111111111112,9.331550891907392,Naive,0.8421052631578948
100,0.925,12.555089552554131,MLE,0.8000000000000002
100,0.9642857142857143,18.22812155362502,Data splitting,0.7058823529411764
100,1.0,9.669412019188526,Naive,0.9473684210526316
100,0.8461538461538461,12.832362051561624,MLE,0.7826086956521738
100,0.8055555555555556,20.941195171740638,Data splitting,0.631578947368421
100,0.75,9.884528358066095,Naive,0.8000000000000002
100,0.9772727272727273,12.622735782597083,MLE,0.761904761904762
100,0.9166666666666666,20.23180906663317,Data splitting,0.631578947368421
100,0.975,9.740034404580928,Naive,0.9
100,0.975,12.826489316756621,MLE,0.6
100,0.925,19.54499708516275,Data splitting,0.5
100,0.9,9.747339083340828,Naive,0.7
100,0.875,12.248011567037713,MLE,0.7499999999999999
100,0.95,15.8635488942281,Data splitting,0.6666666666666666
100,0.6666666666666666,9.751631485319194,Naive,0.7368421052631577
100,0.8928571428571429,12.560640918229012,MLE,0.6666666666666666
100,0.9444444444444444,18.108724309091624,Data splitting,0.7368421052631577
100,0.9375,10.364867507873297,Naive,0.7272727272727272
100,0.8125,12.773065461193632,MLE,0.6666666666666665
100,0.75,15.544393617462198,Data splitting,0.5714285714285715
100,0.8214285714285714,8.894897179547936,Naive,0.7058823529411764
100,0.775,12.500937531774289,MLE,0.7
100,0.8928571428571429,16.416181873308123,Data splitting,0.7058823529411764
100,0.8214285714285714,8.891029202339315,Naive,0.588235294117647
100,0.875,12.906210601433472,MLE,0.5833333333333334
100,0.8333333333333334,18.796483937090716,Data splitting,0.5
100,0.75,9.276909955310083,Naive,0.7058823529411764
100,0.8636363636363636,12.850676097072606,MLE,0.761904761904762
100,0.8928571428571429,16.999403463299902,Data splitting,0.47058823529411764
100,0.8333333333333334,8.753679603290513,Naive,0.5
100,0.8863636363636364,13.024314141056324,MLE,0.5714285714285713
100,0.7,17.208401755478867,Data splitting,0.5333333333333333
100,0.6875,9.74607217769773,Naive,0.6666666666666665
100,0.9545454545454546,13.4428564321335,MLE,0.5714285714285713
100,0.9583333333333334,17.729101018759238,Data splitting,0.5
100,0.925,9.472002590753323,Naive,0.7
100,0.96875,12.903278209903927,MLE,0.5555555555555556
100,0.8333333333333334,14.597151131587404,Data splitting,0.4615384615384615
100,0.9375,8.853379857085352,Naive,0.7777777777777777
100,0.96875,13.006423588768365,MLE,0.6666666666666665
100,0.8333333333333334,23.004135609910715,Data splitting,0.7368421052631577
100,1.0,9.488590319514879,Naive,0.8421052631578948
100,0.9722222222222222,12.657151220259381,MLE,0.631578947368421
100,1.0,17.119649492765358,Data splitting,0.7777777777777777
100,0.9642857142857143,9.044349129666404,Naive,0.7058823529411764
100,0.925,12.958951094853063,MLE,0.8000000000000002
100,0.8,16.330150211374285,Data splitting,0.5333333333333333
100,0.8928571428571429,9.185269824344845,Naive,0.7058823529411764
100,0.85,12.87234565332265,MLE,0.5
100,0.8,17.243887375507978,Data splitting,0.6666666666666666
100,0.75,8.819928102793593,Naive,0.5714285714285715
100,0.825,12.731030977421302,MLE,0.6
100,0.9375,14.51793795058979,Data splitting,0.4285714285714285
100,0.875,8.20699264397722,Naive,0.4285714285714285
100,0.8928571428571429,12.863146089261281,MLE,0.3529411764705882
100,0.8333333333333334,15.025869443971445,Data splitting,0.4615384615384615
100,0.875,8.684791636366816,Naive,0.625
100,0.875,13.012312828920992,MLE,0.5
100,0.8,16.638224609365828,Data splitting,0.5333333333333333
100,0.9,8.597798687706034,Naive,0.4
100,0.9038461538461539,13.174562425073155,MLE,0.608695652173913
100,0.875,17.43336834645306,Data splitting,0.5555555555555556
100,0.8611111111111112,9.504520562797369,Naive,0.631578947368421
100,0.8333333333333334,12.716627301571059,MLE,0.631578947368421
100,0.75,15.854828243903018,Data splitting,0.6666666666666666
100,0.8214285714285714,8.772343843078323,Naive,0.8235294117647058
100,0.8611111111111112,13.088035988550452,MLE,0.8421052631578948
100,0.9,16.685452791432624,Data splitting,0.5333333333333333
100,0.9375,8.439114738958875,Naive,0.4285714285714285
100,0.9642857142857143,12.862880444837836,MLE,0.588235294117647
100,0.8928571428571429,17.20201735941208,Data splitting,0.7058823529411764
100,0.8571428571428571,8.99623625176343,Naive,0.7058823529411764
100,0.8888888888888888,12.800923749802847,MLE,0.7368421052631577
100,1.0,14.767134082048024,Data splitting,0.4285714285714285
100,0.7857142857142857,8.906826299268838,Naive,0.588235294117647
100,0.84375,12.992272191446807,MLE,0.6666666666666665
100,0.8125,15.130219469908798,Data splitting,0.28571428571428575
100,0.7857142857142857,8.899446293829204,Naive,0.47058823529411764
100,0.925,12.890937115448441,MLE,0.5
100,1.0,15.754855411151928,Data splitting,0.5
100,0.8928571428571429,8.657809997992137,Naive,0.588235294117647
100,0.8333333333333334,13.057369116173605,MLE,0.631578947368421
100,0.8928571428571429,17.34646612594157,Data splitting,0.3529411764705882
100,0.9166666666666666,8.759757669136976,Naive,0.625
100,0.7777777777777778,12.836522316870553,MLE,0.7368421052631577
100,0.8928571428571429,17.69999520812946,Data splitting,0.8235294117647058
100,0.8928571428571429,8.91747246257293,Naive,0.8235294117647058
100,0.9642857142857143,12.785831734216302,MLE,0.47058823529411764
100,0.7,16.659732412101413,Data splitting,0.4
100,0.9642857142857143,8.746831512188669,Naive,0.47058823529411764
100,0.725,12.621646031397905,MLE,0.6
100,0.7708333333333334,26.456357222122048,Data splitting,0.6363636363636365
100,0.5909090909090909,10.599446503592374,Naive,0.8571428571428572
100,0.90625,12.904810339618344,MLE,0.5555555555555556
100,0.75,18.12611470020053,Data splitting,0.625
100,0.84375,9.371766233666214,Naive,0.7777777777777777
100,0.9090909090909091,13.134852727938819,MLE,0.5714285714285713
100,0.9166666666666666,14.646569713842174,Data splitting,0.4615384615384615
100,0.8214285714285714,9.094600462629062,Naive,0.47058823529411764
100,1.0,12.683620131289956,MLE,0.4285714285714285
100,0.875,13.043264695995362,Data splitting,0.33333333333333337
100,0.7916666666666666,8.689627362370508,Naive,0.7499999999999999
100,0.85,13.585592752438153,MLE,0.48
100,0.84375,19.309007691112974,Data splitting,0.5555555555555556
100,0.9230769230769231,10.122899204378099,Naive,0.5217391304347826
100,0.9583333333333334,12.93728364734388,MLE,0.625
100,0.9583333333333334,16.659811797876795,Data splitting,0.625
100,0.96875,9.112740752333561,Naive,0.7777777777777777
100,0.875,12.848263253395283,MLE,0.7272727272727272
100,0.9444444444444444,18.060830892818558,Data splitting,0.5263157894736842
100,0.8333333333333334,9.473798371147263,Naive,0.631578947368421
100,1.0,12.588485071140619,MLE,0.5
100,1.0,14.163956105115913,Data splitting,0.30769230769230765
100,0.6666666666666666,8.155962581125648,Naive,0.30769230769230765
100,0.9375,12.578578479101578,MLE,0.7777777777777777
100,0.75,15.076477712580644,Data splitting,0.5714285714285715
100,0.8333333333333334,8.740767259188566,Naive,0.7499999999999999
100,0.8611111111111112,12.883075167422245,MLE,0.631578947368421
100,0.9166666666666666,14.634156916687894,Data splitting,0.4615384615384615
100,0.95,8.63601647848091,Naive,0.5333333333333333
100,0.9166666666666666,12.832828855404806,MLE,0.5263157894736842
100,0.8333333333333334,17.282074398818587,Data splitting,0.5
100,0.8333333333333334,9.464605370901829,Naive,0.7368421052631577
100,0.8333333333333334,12.80415133862672,MLE,0.631578947368421
100,0.9,16.60654070012656,Data splitting,0.4
100,0.7857142857142857,9.048069115557267,Naive,0.588235294117647
100,0.9090909090909091,13.046035953308435,MLE,0.6666666666666666
100,1.0,19.27456102180227,Data splitting,0.8421052631578948
100,0.8541666666666666,10.177705225396288,Naive,0.8181818181818182
100,0.875,12.75141150943286,MLE,0.7
100,0.75,18.88217941834484,Data splitting,0.5555555555555556
100,0.7142857142857143,9.06601176736366,Naive,0.7058823529411764
100,0.8888888888888888,12.924044717718319,MLE,0.7368421052631577
100,0.9166666666666666,14.787383157087248,Data splitting,0.4615384615384615
100,0.95,8.527602384502714,Naive,0.6666666666666666
100,0.84375,12.86346164099361,MLE,0.5555555555555556
100,0.95,16.333498226634667,Data splitting,0.5333333333333333
100,0.75,8.062836413176221,Naive,0.4615384615384615
100,0.875,12.759235990802212,MLE,0.5
100,0.9642857142857143,17.021756767727563,Data splitting,0.47058823529411764
100,0.8928571428571429,9.11732316443718,Naive,0.588235294117647
100,0.9038461538461539,12.467196881838198,MLE,0.608695652173913
100,0.8,21.557530382472912,Data splitting,0.5
100,0.8928571428571429,9.062984049970876,Naive,0.588235294117647
100,0.8636363636363636,13.021764067905671,MLE,0.5714285714285713
100,0.9375,18.821583235253033,Data splitting,0.6666666666666665
100,0.9375,9.463807369628071,Naive,0.7777777777777777
100,1.0,13.155857768613217,MLE,0.588235294117647
100,1.0,13.33431368416228,Data splitting,0.33333333333333337
100,0.9,8.65455722723254,Naive,0.6666666666666666
100,0.90625,12.692661586576824,MLE,0.6666666666666665
100,0.7916666666666666,17.909333925456583,Data splitting,0.5
100,0.9166666666666666,8.727640942657116,Naive,0.625
100,0.825,13.09049081117675,MLE,0.6
100,1.0,16.443139093877658,Data splitting,0.7499999999999999
100,0.8928571428571429,8.918678450678966,Naive,0.8235294117647058
100,0.95,12.771041662383709,MLE,0.6
100,0.9285714285714286,16.957035436185965,Data splitting,0.7058823529411764
100,0.875,9.595697975031793,Naive,0.7
100,1.0,12.928754887908074,MLE,0.7
100,0.75,12.79840033442057,Data splitting,0.33333333333333337
100,0.90625,8.785128412998198,Naive,0.7777777777777777
100,0.8571428571428571,13.216008351911977,MLE,0.7058823529411764
100,0.875,16.08138641163849,Data splitting,0.4285714285714285
100,0.8333333333333334,8.848900205545313,Naive,0.625
100,0.9375,12.645411471994246,MLE,0.6666666666666665
100,0.8,17.023116976042147,Data splitting,0.6666666666666666
100,0.75,8.774233362104676,Naive,0.6666666666666666
100,0.96875,12.89919554044702,MLE,0.6666666666666665
100,0.9375,18.952306530381453,Data splitting,0.6666666666666665
100,0.8611111111111112,9.35814617458159,Naive,0.9473684210526316
100,0.8214285714285714,12.85890871297885,MLE,0.7058823529411764
100,0.875,15.148019971080117,Data splitting,0.5714285714285715
100,0.8333333333333334,8.618391204155861,Naive,0.7499999999999999
100,1.0,13.286664073726602,MLE,0.5263157894736842
100,0.875,15.562706493649191,Data splitting,0.4285714285714285
100,1.0,7.942768194296793,Naive,0.4615384615384615
100,0.8333333333333334,12.095175237729519,MLE,0.7368421052631577
100,0.9642857142857143,16.96979720955584,Data splitting,0.8235294117647058
100,0.8888888888888888,9.743107341041394,Naive,0.8421052631578948
100,0.8636363636363636,12.852641385108729,MLE,0.5714285714285713
100,0.6875,20.79947030090398,Data splitting,0.6666666666666665
100,0.8125,9.764518681913515,Naive,0.6666666666666665
100,0.8888888888888888,12.684408071930017,MLE,0.8421052631578948
100,0.9166666666666666,13.885842158018447,Data splitting,0.30769230769230765
100,0.9166666666666666,8.82844691619561,Naive,0.625
100,0.875,12.592289978839588,MLE,0.7272727272727272
100,0.8125,19.13711578406737,Data splitting,0.6666666666666665
100,0.8571428571428571,8.98394119582402,Naive,0.7058823529411764
100,0.9090909090909091,12.44029421687924,MLE,0.6666666666666666
100,0.875,18.852626739319597,Data splitting,0.888888888888889
100,0.90625,9.418626889206099,Naive,0.7777777777777777
100,0.85,12.904642801797994,MLE,0.6
100,0.9166666666666666,16.594390755014572,Data splitting,0.37499999999999994
100,0.8055555555555556,9.267252521809041,Naive,0.5263157894736842
100,0.875,12.695796136472183,MLE,0.4444444444444445
100,0.9375,15.06874776528715,Data splitting,0.4285714285714285
100,0.75,8.985748983476194,Naive,0.588235294117647
100,0.9107142857142857,13.056716547909256,MLE,0.8333333333333333
100,0.65,21.414726515744967,Data splitting,0.7
100,0.8636363636363636,9.785155107995438,Naive,0.761904761904762
100,0.8181818181818182,12.604229615580323,MLE,0.5714285714285713
100,0.7222222222222222,21.833422427622587,Data splitting,0.8421052631578948
100,0.8333333333333334,9.786692300776227,Naive,0.7368421052631577
100,0.8863636363636364,12.92725190683185,MLE,0.5714285714285713
100,0.7142857142857143,17.317735857341802,Data splitting,0.47058823529411764
100,0.8571428571428571,9.265757072782817,Naive,0.7058823529411764
100,0.8928571428571429,12.607262743330251,MLE,0.7058823529411764
100,0.9166666666666666,17.436977199708767,Data splitting,0.7499999999999999
100,0.6428571428571429,9.05429850400954,Naive,0.8235294117647058
100,0.8333333333333334,12.91301142889226,MLE,0.5
100,0.9375,15.335827728921966,Data splitting,0.5714285714285715
100,0.7916666666666666,8.93940068209327,Naive,0.7499999999999999
100,0.875,12.531754771656768,MLE,0.6
100,0.9285714285714286,19.06571870911207,Data splitting,0.7058823529411764
100,0.8125,9.422438271483898,Naive,0.6666666666666665
100,0.875,12.807780038934519,MLE,0.7272727272727272
100,0.8,17.101305088800608,Data splitting,0.4
100,0.7777777777777778,9.604934679024192,Naive,0.631578947368421
100,0.96875,12.95720583628463,MLE,0.6666666666666665
100,0.8125,15.481700097737928,Data splitting,0.28571428571428575
100,1.0,7.881046492433341,Naive,0.4285714285714285
100,0.9,12.5994934457251,MLE,0.7
100,1.0,13.597931412651354,Data splitting,0.15384615384615383
100,0.84375,9.050248505627847,Naive,0.5555555555555556
100,0.8409090909090909,12.453639967884914,MLE,0.6666666666666666
100,0.875,17.020526047724395,Data splitting,0.625
100,0.8055555555555556,9.426333646291335,Naive,0.7368421052631577
100,0.9285714285714286,12.371994747210254,MLE,0.5833333333333334
100,0.9375,17.72079647342167,Data splitting,0.4444444444444445
100,0.9,9.519470955121207,Naive,0.6
100,0.8833333333333333,12.814609036644722,MLE,0.7200000000000001
100,0.8055555555555556,18.252666100032478,Data splitting,0.7368421052631577
100,0.875,9.618855963554484,Naive,0.9
100,0.8333333333333334,12.713771456698094,MLE,0.7368421052631577
100,0.9375,15.332808452153138,Data splitting,0.4285714285714285
100,0.75,9.160768637498844,Naive,0.7058823529411764
100,0.775,12.67800110162201,MLE,0.8000000000000002
100,0.825,23.631258852114094,Data splitting,0.9
100,0.8055555555555556,10.103967061866525,Naive,0.8421052631578948
100,0.975,12.721179782541384,MLE,0.9
100,0.75,17.343759157176667,Data splitting,0.625
100,0.8333333333333334,8.850672013531174,Naive,0.7499999999999999
100,0.9722222222222222,13.312131666257583,MLE,0.4210526315789474
100,0.875,15.657485384525721,Data splitting,0.4285714285714285
100,0.7083333333333334,8.875175300558135,Naive,0.5
100,0.9,12.353360966694755,MLE,0.5333333333333333
100,1.0,14.457374037880244,Data splitting,0.4615384615384615
100,0.9285714285714286,8.827996471206148,Naive,0.588235294117647
100,0.9722222222222222,13.006866312057696,MLE,0.8421052631578948
100,0.85,17.215539183558793,Data splitting,0.6666666666666666
100,0.96875,9.632708880917917,Naive,0.888888888888889
100,0.8076923076923077,12.470105424788,MLE,0.7826086956521738
100,0.6428571428571429,19.828316574221382,Data splitting,0.7058823529411764
100,0.7222222222222222,9.96752552679197,Naive,0.7368421052631577
100,0.9375,12.336562994096237,MLE,0.888888888888889
100,0.8125,18.043812980859272,Data splitting,0.7777777777777777
100,0.8333333333333334,9.63094577478907,Naive,0.8421052631578948
100,0.9545454545454546,12.965836994749475,MLE,0.6666666666666666
100,0.6666666666666666,16.695349041618805,Data splitting,0.625
100,0.9583333333333334,8.822130418820878,Naive,0.7499999999999999
100,0.975,13.064978419789568,MLE,0.6
100,0.8,15.991508022632118,Data splitting,0.5333333333333333
100,0.8611111111111112,9.273953938041398,Naive,0.7368421052631577
100,0.90625,12.795609391104566,MLE,0.5555555555555556
100,0.75,16.017717290288022,Data splitting,0.5714285714285715
100,0.95,8.77641164259433,Naive,0.6666666666666666
100,0.9583333333333334,12.738892167929793,MLE,0.5454545454545454
100,0.8125,17.775810592296015,Data splitting,0.6666666666666665
100,0.775,9.594730204154407,Naive,0.7
100,0.90625,12.841939754779009,MLE,0.6666666666666665
100,0.9583333333333334,16.505803244548037,Data splitting,0.5
100,1.0,8.636771313883521,Naive,0.6666666666666666
100,0.8958333333333334,13.061107523596482,MLE,0.5454545454545454
100,0.75,16.05337210658033,Data splitting,0.26666666666666666
100,0.8181818181818182,9.878059370525389,Naive,0.47619047619047616
100,1.0,12.557441937372943,MLE,0.7499999999999999
100,0.9583333333333334,16.32487275221689,Data splitting,0.7499999999999999
100,1.0,8.54012973618308,Naive,0.6666666666666666
100,0.95,13.141583299197057,MLE,0.7
100,0.75,17.06155878280219,Data splitting,0.5333333333333333
100,0.8888888888888888,9.237801866155406,Naive,0.8421052631578948
100,0.9375,12.70190387198321,MLE,0.7272727272727272
100,0.5277777777777778,21.202037349083046,Data splitting,0.4210526315789474
100,0.7916666666666666,9.95451254518464,Naive,0.8181818181818182
100,0.8,12.793225587802535,MLE,0.4
100,0.9375,15.061630554395173,Data splitting,0.5714285714285715
100,0.95,8.6383491066039,Naive,0.6666666666666666
100,0.875,12.87503566909927,MLE,0.5
100,0.8888888888888888,19.910228384385814,Data splitting,0.631578947368421
100,0.925,9.634518728544233,Naive,0.7
100,0.9444444444444444,12.793309473029602,MLE,0.7368421052631577
100,1.0,15.909545334390264,Data splitting,0.4
100,0.8928571428571429,9.15205622635426,Naive,0.7058823529411764
100,0.875,13.115013150596855,MLE,0.6
100,1.0,15.607292861455496,Data splitting,0.5
100,0.90625,9.069482613366175,Naive,0.6666666666666665
100,0.875,12.940199367444553,MLE,0.6
100,1.0,17.546323071786638,Data splitting,0.5555555555555556
100,0.8611111111111112,9.249488739993849,Naive,0.631578947368421
100,0.925,12.862422545435985,MLE,0.7
100,0.8928571428571429,16.9559832725452,Data splitting,0.47058823529411764
100,0.7727272727272727,9.666820839647855,Naive,0.6666666666666666
100,0.8409090909090909,13.14156632572887,MLE,0.6666666666666666
100,0.90625,18.417076276191857,Data splitting,0.888888888888889
100,0.725,10.27107251634835,Naive,0.8000000000000002
100,0.9444444444444444,12.557192477262213,MLE,0.631578947368421
100,0.875,19.37833189634236,Data splitting,0.7777777777777777
100,0.875,9.335141724583412,Naive,0.888888888888889
100,0.9,12.368437165393852,MLE,0.8000000000000002
100,0.9375,18.351285825733406,Data splitting,0.7777777777777777
100,0.8333333333333334,9.652527470327529,Naive,0.8421052631578948
100,0.8181818181818182,12.059501428040873,MLE,0.761904761904762
100,0.875,16.59504146449598,Data splitting,0.7499999999999999
100,0.775,10.170343118803832,Naive,0.9
100,0.875,12.251374523851924,MLE,0.625
100,0.8333333333333334,16.15656474851448,Data splitting,0.625
100,0.75,9.1661447322073,Naive,0.8235294117647058
100,1.0,12.7193064661313,MLE,0.5555555555555556
100,0.85,15.758280169310208,Data splitting,0.4
100,0.75,9.47924481192252,Naive,0.6
100,0.8636363636363636,12.933761515922946,MLE,0.5714285714285713
100,0.95,17.476883587415337,Data splitting,0.4
100,0.9,9.520450396902541,Naive,0.7
100,0.875,12.797639494307168,MLE,0.6666666666666665
100,0.9,16.25954225951157,Data splitting,0.6666666666666666
100,0.875,8.712130019163578,Naive,0.7499999999999999
100,1.0,12.847022693118308,MLE,0.7777777777777777
100,0.95,15.490541814197346,Data splitting,0.5333333333333333
100,0.7916666666666666,8.549242869213238,Naive,0.7499999999999999
100,0.90625,12.754475566710614,MLE,0.5555555555555556
100,0.9583333333333334,16.01527765719901,Data splitting,0.625
100,0.95,8.61883898146541,Naive,0.5333333333333333
100,0.85,13.227640609123801,MLE,0.7
100,1.0,14.757393056557499,Data splitting,0.6666666666666666
100,0.9,8.55700120134188,Naive,0.5333333333333333
100,0.9166666666666666,13.121086548541577,MLE,0.631578947368421
100,0.95,16.194023586088047,Data splitting,0.4
100,0.875,9.078294898979536,Naive,0.6666666666666665
100,0.9090909090909091,12.61211840998845,MLE,0.761904761904762
100,0.9166666666666666,23.506210088219692,Data splitting,0.7272727272727272
100,0.9318181818181818,9.919102458433468,Naive,0.761904761904762
100,0.9722222222222222,12.45652189072459,MLE,0.8421052631578948
100,1.0,16.723240079095643,Data splitting,0.7499999999999999
100,0.90625,9.20368217263945,Naive,0.7777777777777777
100,1.0,12.816419862737131,MLE,0.6666666666666666
100,0.875,16.81000885855788,Data splitting,0.7499999999999999
100,0.8125,9.578273479970061,Naive,0.6666666666666665
100,0.6875,12.720973119667459,MLE,0.7777777777777777
100,1.0,14.020084796412704,Data splitting,0.30769230769230765
100,0.7142857142857143,9.201132600079735,Naive,0.588235294117647
100,0.8888888888888888,12.420868522843518,MLE,0.7368421052631577
100,0.8611111111111112,20.026808695770054,Data splitting,0.7368421052631577
100,0.85,9.834502342899942,Naive,0.8000000000000002
100,0.8333333333333334,12.754041387598344,MLE,0.5
100,0.75,10.529052734340357,Data splitting,0.0
100,0.8333333333333334,7.819947133706886,Naive,0.4615384615384615
100,0.95,12.846895881364333,MLE,0.4
100,0.8888888888888888,20.115470478525772,Data splitting,0.5263157894736842
100,0.8333333333333334,9.266875802977317,Naive,0.5263157894736842
100,0.875,12.68187575269882,MLE,0.625
100,0.95,15.732115196199164,Data splitting,0.6666666666666666
100,0.8,8.675651219361194,Naive,0.5333333333333333
100,0.9791666666666666,12.92816415030346,MLE,0.7272727272727272
100,0.9642857142857143,18.159220847920356,Data splitting,0.7058823529411764
100,0.9,10.015240126182581,Naive,0.8000000000000002
100,0.96875,12.51432998673316,MLE,0.6666666666666665
100,0.65,16.73281338916965,Data splitting,0.6666666666666666
100,0.85,8.698703707720512,Naive,0.5333333333333333
100,0.8055555555555556,12.861326515625962,MLE,0.631578947368421
100,0.75,16.21871512055285,Data splitting,0.5333333333333333
100,0.6666666666666666,8.940151992471002,Naive,0.7499999999999999
100,0.9,12.841657273462324,MLE,0.7200000000000001
100,0.7916666666666666,17.839220307942806,Data splitting,0.625
100,0.9375,9.247218521396924,Naive,0.6666666666666665
100,0.8269230769230769,12.61305571801685,MLE,0.7826086956521738
100,0.875,16.957804845873255,Data splitting,0.625
100,0.71875,9.622008585211397,Naive,0.6666666666666665
100,0.9285714285714286,12.950687823999647,MLE,0.588235294117647
100,0.9166666666666666,16.358100234755483,Data splitting,0.37499999999999994
100,0.8571428571428571,8.931807533158098,Naive,0.588235294117647
100,0.8611111111111112,13.161395054499552,MLE,0.631578947368421
100,0.95,16.119682448432307,Data splitting,0.5333333333333333
100,0.9,8.635844363410504,Naive,0.6666666666666666
100,0.8846153846153846,12.753153545331772,MLE,0.6956521739130435
100,0.7916666666666666,16.656831749893666,Data splitting,0.625
100,0.85,9.627284748235066,Naive,0.9
100,0.9318181818181818,13.010799809356,MLE,0.6666666666666666
100,0.8888888888888888,21.69611773501461,Data splitting,0.631578947368421
100,0.8958333333333334,9.991803426151249,Naive,0.7272727272727272
100,0.8541666666666666,12.91111298730975,MLE,0.8181818181818182
100,0.9583333333333334,17.532583517878834,Data splitting,0.7499999999999999
100,0.7916666666666666,8.909957013797827,Naive,0.7499999999999999
100,0.8461538461538461,12.647387782385207,MLE,0.6956521739130435
100,0.8125,17.77662035122674,Data splitting,0.6666666666666665
100,0.7777777777777778,9.312585542662625,Naive,0.631578947368421
100,0.9318181818181818,12.973824980443068,MLE,0.761904761904762
100,0.8928571428571429,18.033613375549514,Data splitting,0.8235294117647058
100,0.9285714285714286,9.213911422681631,Naive,0.8235294117647058
100,0.9166666666666666,12.780947366696605,MLE,0.631578947368421
100,0.725,21.64971865768924,Data splitting,0.6
100,0.7954545454545454,10.23838858841859,Naive,0.6666666666666666
100,0.9583333333333334,13.015737103738644,MLE,0.5454545454545454
100,0.75,17.44256809881148,Data splitting,0.5
100,0.9090909090909091,9.96532870633631,Naive,0.6666666666666666
100,0.875,12.435121154446719,MLE,0.8000000000000002
100,0.95,16.16393476897882,Data splitting,0.6666666666666666
100,0.7857142857142857,9.441027016369128,Naive,0.8235294117647058
100,0.8055555555555556,12.869378528363278,MLE,0.5263157894736842
100,0.9285714285714286,17.516950570238212,Data splitting,0.3529411764705882
100,0.7857142857142857,9.161675426935906,Naive,0.8235294117647058
100,0.8611111111111112,12.629675272423494,MLE,0.631578947368421
100,0.78125,19.89236425492509,Data splitting,0.6666666666666665
100,0.8571428571428571,9.372061180727707,Naive,0.8235294117647058
100,0.85,12.814200294670774,MLE,0.7
100,0.9444444444444444,19.82421209802661,Data splitting,0.5263157894736842
100,0.875,9.554288337619306,Naive,0.8000000000000002
100,0.9038461538461539,12.559558149660596,MLE,0.7826086956521738
100,0.9,21.527349956281423,Data splitting,0.9
100,0.875,10.88960713462045,Naive,0.7272727272727272
100,0.96875,12.791815736414502,MLE,0.33333333333333326
100,0.9583333333333334,15.990225912397692,Data splitting,0.625
100,0.875,9.20100958424046,Naive,0.7777777777777777
100,0.9772727272727273,13.229557224620743,MLE,0.6666666666666666
100,0.875,13.118204522099568,Data splitting,0.16666666666666669
100,0.8928571428571429,9.1405501351087,Naive,0.588235294117647
100,0.9722222222222222,12.570825137258801,MLE,0.631578947368421
100,0.9166666666666666,16.590317138284693,Data splitting,0.7499999999999999
100,0.9285714285714286,9.025070105389972,Naive,0.7058823529411764
100,0.8846153846153846,13.111924016674083,MLE,0.5217391304347826
100,1.0,19.99964103743614,Data splitting,0.5555555555555556
100,0.825,10.134542470015244,Naive,0.7
100,0.875,12.726538809936859,MLE,0.7
100,0.8214285714285714,19.5030633015329,Data splitting,0.588235294117647
100,0.8,10.16288700770475,Naive,0.7
100,0.95,12.643995975724977,MLE,0.7
100,0.9166666666666666,17.443439063939504,Data splitting,0.5
100,0.90625,9.334528012356358,Naive,0.6666666666666665
100,0.9166666666666666,12.879989086583997,MLE,0.3636363636363636
100,0.8333333333333334,14.61216109171126,Data splitting,0.4615384615384615
100,0.8863636363636364,9.6696151043662,Naive,0.6666666666666666
100,0.9545454545454546,12.681245600338976,MLE,0.6666666666666666
100,0.96875,17.498476212650232,Data splitting,0.6666666666666665
100,0.78125,9.193365104109947,Naive,0.6666666666666665
100,0.9375,12.626075163688839,MLE,0.7272727272727272
100,0.9166666666666666,16.252145823004764,Data splitting,0.625
100,1.0,9.095856918192078,Naive,0.8235294117647058
200,0.96875,12.534783515868726,MLE,0.5555555555555556
200,0.85,16.22092353448611,Data splitting,0.5333333333333333
200,0.8214285714285714,9.125720774878308,Naive,0.588235294117647
200,0.9583333333333334,13.102002837686634,MLE,0.25
200,0.8888888888888888,19.570126495707573,Data splitting,0.5263157894736842
200,0.9375,8.980754219898435,Naive,0.4444444444444445
200,0.9285714285714286,12.858688619124864,MLE,0.5833333333333334
200,1.0,16.737376433101325,Data splitting,0.4444444444444445
200,0.875,9.451931325013373,Naive,0.6
200,0.9285714285714286,12.677893535223301,MLE,0.588235294117647
200,0.9,16.04786884215865,Data splitting,0.5333333333333333
200,0.85,8.477647599267021,Naive,0.6666666666666666
200,0.8333333333333334,12.545746255073064,MLE,0.7200000000000001
200,0.8333333333333334,16.910700137584914,Data splitting,0.7499999999999999
200,0.8611111111111112,9.716235895895474,Naive,0.7368421052631577
200,0.9318181818181818,13.00072254408978,MLE,0.47619047619047616
200,0.8333333333333334,17.45660483606189,Data splitting,0.5
200,0.9166666666666666,9.519310677595396,Naive,0.7368421052631577
200,0.9090909090909091,12.760146791069246,MLE,0.47619047619047616
200,1.0,15.007256298738476,Data splitting,0.4285714285714285
200,0.8333333333333334,9.544229388073285,Naive,0.7368421052631577
200,0.95,12.06276476087265,MLE,0.8000000000000002
200,0.7,17.329809762702148,Data splitting,0.5333333333333333
200,0.7222222222222222,9.844940166556515,Naive,0.7368421052631577
200,0.6875,12.610759479554247,MLE,0.4444444444444445
200,1.0,17.101627643722438,Data splitting,0.625
200,0.8333333333333334,8.984182190023608,Naive,0.7499999999999999
200,0.9642857142857143,12.893012720119378,MLE,0.3529411764705882
200,0.90625,17.482016893218457,Data splitting,0.33333333333333326
200,0.95,8.63837497016118,Naive,0.5333333333333333
200,0.9791666666666666,12.554975485864647,MLE,0.45454545454545453
200,0.95,15.567569594356641,Data splitting,0.5333333333333333
200,0.84375,9.523246910552817,Naive,0.6666666666666665
200,0.9375,12.870272994332499,MLE,0.4444444444444445
200,0.95,16.109980133727767,Data splitting,0.4
200,0.8888888888888888,9.265099373553964,Naive,0.7368421052631577
200,0.9038461538461539,12.604557449345268,MLE,0.5217391304347826
200,0.8611111111111112,19.40332485784742,Data splitting,0.631578947368421
200,0.8611111111111112,9.411822973684059,Naive,0.8421052631578948
200,0.8666666666666667,12.438231984683506,MLE,0.56
200,1.0,17.266143535813672,Data splitting,0.5
200,0.875,9.83274564658594,Naive,0.7
200,0.8392857142857143,12.509801626021565,MLE,0.6666666666666666
200,1.0,17.088094639342472,Data splitting,0.7499999999999999
200,0.9444444444444444,9.778415115189095,Naive,0.8421052631578948
200,0.8846153846153846,12.510565787813873,MLE,0.608695652173913
200,0.8181818181818182,25.727869531789693,Data splitting,0.6666666666666666
200,0.8,9.997940367731534,Naive,0.7
200,0.8846153846153846,12.8874620846672,MLE,0.608695652173913
200,0.725,21.248772421793184,Data splitting,0.6
200,0.8928571428571429,9.24625738944285,Naive,0.8235294117647058
200,0.9166666666666666,12.744702389008737,MLE,0.5454545454545454
200,0.9166666666666666,16.29312474237012,Data splitting,0.5
200,0.7083333333333334,8.928857349169249,Naive,0.5
200,0.9107142857142857,12.590458396488986,MLE,0.5833333333333334
200,0.875,16.221432695556015,Data splitting,0.5
200,0.8214285714285714,9.130927643423332,Naive,0.588235294117647
200,0.9444444444444444,12.588681065523177,MLE,0.631578947368421
200,0.9583333333333334,17.105746436554963,Data splitting,0.625
200,0.75,9.52755115425907,Naive,0.588235294117647
200,0.9090909090909091,12.353291512238565,MLE,0.6666666666666666
200,0.75,18.33666135198779,Data splitting,0.625
200,0.8571428571428571,9.38386473642862,Naive,0.8235294117647058
200,0.8888888888888888,12.474473882079376,MLE,0.631578947368421
200,0.8611111111111112,19.321825146239103,Data splitting,0.631578947368421
200,0.8636363636363636,9.773956372216706,Naive,0.6666666666666666
200,0.95,12.890285080531408,MLE,0.4
200,0.875,19.740784084460344,Data splitting,0.6666666666666665
200,0.825,9.743277433677212,Naive,0.7
200,0.85,12.548174286505125,MLE,0.6
200,1.0,16.65079179935851,Data splitting,0.588235294117647
200,0.7777777777777778,9.694576710169557,Naive,0.8421052631578948
200,1.0,12.705022161380933,MLE,0.625
200,0.9375,14.741189947635796,Data splitting,0.4285714285714285
200,0.95,8.683235058272569,Naive,0.6666666666666666
200,0.8928571428571429,12.71598136776261,MLE,0.588235294117647
200,0.875,16.39792926184133,Data splitting,0.5
200,0.8333333333333334,9.510608271098096,Naive,0.7368421052631577
200,0.8571428571428571,12.638861987366255,MLE,0.47058823529411764
200,0.9375,15.257503889618752,Data splitting,0.14285714285714288
200,0.85,8.31255718660696,Naive,0.4
200,0.9375,12.262445404717619,MLE,0.6666666666666665
200,0.8181818181818182,22.535036742267952,Data splitting,0.5714285714285713
200,0.875,8.728160298581358,Naive,0.7499999999999999
200,0.9423076923076923,12.915247584397765,MLE,0.608695652173913
200,0.8888888888888888,20.196738361417122,Data splitting,0.631578947368421
200,0.8125,10.319003876260433,Naive,0.7272727272727272
200,0.8055555555555556,12.324778787145316,MLE,0.631578947368421
200,0.9375,15.818487980743686,Data splitting,0.5714285714285715
200,0.75,8.952249147608779,Naive,0.5333333333333333
200,0.9722222222222222,12.444956754225323,MLE,0.631578947368421
200,0.875,18.476735285059576,Data splitting,0.7777777777777777
200,0.8928571428571429,9.207695051492715,Naive,0.7058823529411764
200,0.9,12.979544959465505,MLE,0.5
200,0.85,20.95439705585248,Data splitting,0.6
200,0.8461538461538461,10.222722007824192,Naive,0.4347826086956522
200,0.9166666666666666,12.705954537424864,MLE,0.5
200,0.75,14.134402250740424,Data splitting,0.30769230769230765
200,0.8,8.629961116765061,Naive,0.5333333333333333
200,0.9166666666666666,12.790612120480064,MLE,0.5263157894736842
200,0.95,16.02403995501084,Data splitting,0.4
200,0.78125,9.02122187439931,Naive,0.6666666666666665
200,0.7954545454545454,12.795017845217602,MLE,0.5714285714285713
200,0.875,17.63894263960551,Data splitting,0.6666666666666665
200,0.8214285714285714,9.119043456507017,Naive,0.7058823529411764
200,0.9375,12.986650259764215,MLE,0.4615384615384615
200,0.875,17.532157524102715,Data splitting,0.625
200,0.90625,9.29428146873574,Naive,0.5555555555555556
200,0.875,12.358250042881886,MLE,0.8181818181818182
200,0.7857142857142857,17.81798384858839,Data splitting,0.588235294117647
200,0.7222222222222222,9.679495125637526,Naive,0.631578947368421
200,0.8125,12.596260894209463,MLE,0.5454545454545454
200,0.7857142857142857,18.533936890862126,Data splitting,0.3529411764705882
200,0.9090909090909091,9.656805893671397,Naive,0.5714285714285713
200,0.9375,13.040869335320547,MLE,0.4444444444444445
200,0.85,16.68576368822041,Data splitting,0.5333333333333333
200,0.8888888888888888,9.767380520029521,Naive,0.8421052631578948
200,0.8125,12.763700845767763,MLE,0.5454545454545454
200,0.7916666666666666,16.107415159627532,Data splitting,0.5
200,0.7777777777777778,9.316072939136525,Naive,0.5263157894736842
200,0.7291666666666666,12.500239219316638,MLE,0.45454545454545453
200,0.7857142857142857,17.015079255077815,Data splitting,0.7058823529411764
200,0.78125,9.304432534812108,Naive,0.6666666666666665
200,0.90625,12.767772846306958,MLE,0.33333333333333326
200,0.9583333333333334,15.608976213878947,Data splitting,0.37499999999999994
200,0.7857142857142857,8.858212053457043,Naive,0.3529411764705882
200,0.9090909090909091,12.26462991768575,MLE,0.761904761904762
200,0.8571428571428571,19.65857773946463,Data splitting,0.7058823529411764
200,0.875,9.846605383445198,Naive,0.8000000000000002
200,0.95,12.687758671033412,MLE,0.56
200,0.8571428571428571,18.5930082737059,Data splitting,0.588235294117647
200,0.8125,9.736132185411138,Naive,0.7777777777777777
200,0.8214285714285714,12.812644612459025,MLE,0.6666666666666666
200,0.875,15.101922149620972,Data splitting,0.4285714285714285
200,0.75,8.747554597794196,Naive,0.5
200,0.8928571428571429,12.55247913699362,MLE,0.588235294117647
200,0.9166666666666666,15.755183738959113,Data splitting,0.5
200,0.75,8.220170886794996,Naive,0.4285714285714285
200,0.9166666666666666,12.744319900677768,MLE,0.5263157894736842
200,0.9,16.013924068377463,Data splitting,0.5333333333333333
200,0.875,9.690831598775379,Naive,0.7
200,0.9166666666666666,12.67411786891561,MLE,0.5454545454545454
200,0.875,14.315328023590972,Data splitting,0.28571428571428575
200,0.8333333333333334,9.5225395534266,Naive,0.631578947368421
200,0.9166666666666666,12.524656612046604,MLE,0.6363636363636365
200,0.9166666666666666,18.28620358251875,Data splitting,0.625
200,0.85,9.72087118308492,Naive,0.6
200,0.7321428571428571,13.362359526366339,MLE,0.3333333333333333
200,0.975,21.29655645878188,Data splitting,0.4000000000000001
200,0.8076923076923077,10.932193141929561,Naive,0.5217391304347826
200,0.8214285714285714,12.476522088456917,MLE,0.6666666666666666
200,0.9583333333333334,17.327439510774433,Data splitting,0.7499999999999999
200,0.8333333333333334,9.74362472477035,Naive,0.8421052631578948
200,0.9090909090909091,12.59990254217459,MLE,0.5714285714285713
200,0.95,15.739121257671163,Data splitting,0.26666666666666666
200,0.90625,8.916238137396107,Naive,0.5555555555555556
200,0.7954545454545454,12.449064579439948,MLE,0.5714285714285713
200,0.90625,19.94572478085522,Data splitting,0.6666666666666665
200,0.7678571428571429,11.109386734270512,Naive,0.5833333333333334
200,0.8636363636363636,12.485844104759348,MLE,0.761904761904762
200,0.7142857142857143,18.579133474518716,Data splitting,0.7058823529411764
200,0.90625,9.452877486863077,Naive,0.888888888888889
200,0.8214285714285714,12.540778823538561,MLE,0.6666666666666666
200,0.625,18.756199784491997,Data splitting,0.5555555555555556
200,0.8611111111111112,9.41160155420543,Naive,0.631578947368421
200,0.9,13.241964017656727,MLE,0.7
200,0.9166666666666666,21.65880367294748,Data splitting,0.631578947368421
200,0.84375,9.974283434291054,Naive,0.6666666666666665
200,0.9545454545454546,12.941906053167417,MLE,0.380952380952381
200,0.9285714285714286,16.828507744906958,Data splitting,0.47058823529411764
200,0.9285714285714286,8.978728737006463,Naive,0.47058823529411764
200,0.9166666666666666,12.393842204355487,MLE,0.631578947368421
200,0.9,16.074350307924306,Data splitting,0.6666666666666666
200,0.85,8.658083176362767,Naive,0.6666666666666666
200,0.8035714285714286,12.935514037558198,MLE,0.6666666666666666
200,0.6785714285714286,19.144161687042054,Data splitting,0.588235294117647
200,0.8571428571428571,9.207998277833473,Naive,0.7058823529411764
200,0.8863636363636364,12.37490061419689,MLE,0.6666666666666666
200,0.9,16.298300865673063,Data splitting,0.5333333333333333
200,0.9285714285714286,9.292299984544945,Naive,0.8235294117647058
200,0.9285714285714286,12.780414513165308,MLE,0.588235294117647
200,0.875,16.26243923820497,Data splitting,0.5714285714285715
200,0.95,8.663157019346011,Naive,0.5333333333333333
200,0.9444444444444444,12.60791746885675,MLE,0.5263157894736842
200,0.8333333333333334,16.759035980717908,Data splitting,0.5
200,0.7857142857142857,9.012402147341367,Naive,0.588235294117647
200,0.9583333333333334,13.031847303169984,MLE,0.6363636363636365
200,0.8928571428571429,18.48528900830729,Data splitting,0.588235294117647
200,0.90625,9.54332934949562,Naive,0.6666666666666665
200,0.9166666666666666,12.323464784620013,MLE,0.7368421052631577
200,0.7857142857142857,18.49527222339989,Data splitting,0.7058823529411764
200,0.84375,9.451367853505266,Naive,0.888888888888889
200,0.9166666666666666,12.990062956223605,MLE,0.45454545454545453
200,0.875,16.91716223993616,Data splitting,0.5
200,0.8,8.567351505824838,Naive,0.5333333333333333
200,0.9166666666666666,12.499447662866766,MLE,0.64
200,0.8571428571428571,21.053809391138124,Data splitting,0.588235294117647
200,0.7727272727272727,10.297492242466317,Naive,0.6666666666666666
200,0.775,12.606838717503948,MLE,0.7
200,0.9,16.2127975538355,Data splitting,0.5333333333333333
200,0.90625,9.20359602273211,Naive,0.6666666666666665
200,0.8928571428571429,12.684433666403281,MLE,0.5833333333333334
200,0.6666666666666666,21.777343448886786,Data splitting,0.5263157894736842
200,0.6944444444444444,10.092439663233813,Naive,0.631578947368421
200,0.9038461538461539,12.50639970822553,MLE,0.5217391304347826
200,0.90625,17.363545058368597,Data splitting,0.4444444444444445
200,0.90625,9.198944361756169,Naive,0.5555555555555556
200,0.9444444444444444,12.7431031271434,MLE,0.5263157894736842
200,0.9375,16.773453138151062,Data splitting,0.4444444444444445
200,0.75,9.114465824292628,Naive,0.47058823529411764
200,0.9166666666666666,12.702314131000039,MLE,0.631578947368421
200,0.7916666666666666,16.737300850831446,Data splitting,0.625
200,0.8888888888888888,9.612817894817386,Naive,0.631578947368421
200,0.8409090909090909,13.674628993545303,MLE,0.380952380952381
200,0.8214285714285714,18.883496960628996,Data splitting,0.3529411764705882
200,0.90625,9.442005509661644,Naive,0.4444444444444445
200,0.9318181818181818,12.680795560438474,MLE,0.5714285714285713
200,0.875,17.29072517162687,Data splitting,0.37499999999999994
200,0.8571428571428571,9.143700212710035,Naive,0.47058823529411764
200,0.8666666666666667,12.840510869244115,MLE,0.64
200,0.825,28.82348775472001,Data splitting,0.7
200,0.8461538461538461,11.274029428739725,Naive,0.608695652173913
200,0.8833333333333333,12.556902536797999,MLE,0.7200000000000001
200,0.75,18.768915163225486,Data splitting,0.6666666666666665
200,0.8611111111111112,9.478942082332194,Naive,0.7368421052631577
200,0.8653846153846154,12.561591506942916,MLE,0.5217391304347826
200,0.9285714285714286,17.0200101425522,Data splitting,0.47058823529411764
200,0.75,9.330586852008837,Naive,0.7058823529411764
200,0.9545454545454546,12.7320958328164,MLE,0.47619047619047616
200,0.9,15.893474687516758,Data splitting,0.4
200,0.8888888888888888,9.113615258799255,Naive,0.631578947368421
200,0.9,12.94096828890427,MLE,0.7
200,0.95,15.776718141562185,Data splitting,0.5333333333333333
200,0.8888888888888888,9.531457708745005,Naive,0.631578947368421
200,0.95,12.807097728693055,MLE,0.6
200,0.9444444444444444,19.50871944889427,Data splitting,0.631578947368421
200,0.9444444444444444,9.626328767353067,Naive,0.8421052631578948
200,0.925,12.668980243350669,MLE,0.5
200,0.9375,15.067189188528978,Data splitting,0.5714285714285715
200,0.9375,8.259028925281847,Naive,0.5714285714285715
200,0.84375,12.95150017097416,MLE,0.6666666666666665
200,0.8333333333333334,14.419039081040857,Data splitting,0.4615384615384615
200,0.9583333333333334,8.599335469652042,Naive,0.625
200,0.925,12.80606136219664,MLE,0.6
200,0.9375,15.60370711430125,Data splitting,0.4285714285714285
200,0.90625,9.253960805241,Naive,0.6666666666666665
200,0.9166666666666666,12.785212719681496,MLE,0.45454545454545453
200,0.75,20.25286133390936,Data splitting,0.4210526315789474
200,0.8,9.726777952275333,Naive,0.5
200,0.875,12.856039150543916,MLE,0.5555555555555556
200,0.8,17.193382614902127,Data splitting,0.5333333333333333
200,0.7142857142857143,9.308895299474191,Naive,0.588235294117647
200,0.8409090909090909,12.539662732272006,MLE,0.5714285714285713
200,0.9722222222222222,17.651057113766573,Data splitting,0.4210526315789474
200,0.8863636363636364,9.58568160208891,Naive,0.5714285714285713
200,0.8269230769230769,12.341945517253777,MLE,0.5217391304347826
200,0.8928571428571429,18.595168404371908,Data splitting,0.588235294117647
200,0.875,10.099285077768226,Naive,0.7
200,0.9166666666666666,12.72334416255155,MLE,0.45454545454545453
200,1.0,17.48684687908223,Data splitting,0.5263157894736842
200,0.875,8.941222306735087,Naive,0.4444444444444445
200,0.96875,13.327423654823,MLE,0.33333333333333326
200,1.0,13.545385008420205,Data splitting,0.15384615384615383
200,0.9166666666666666,8.5483528051269,Naive,0.37499999999999994
200,0.825,13.137411523215667,MLE,0.7
200,0.9583333333333334,16.120258509836663,Data splitting,0.625
200,0.71875,9.545701621812249,Naive,0.6666666666666665
200,0.9375,12.503923496178025,MLE,0.6363636363636365
200,0.9375,15.154062774701984,Data splitting,0.28571428571428575
200,0.9285714285714286,8.92005233644034,Naive,0.7058823529411764
200,0.9464285714285714,12.748078514375388,MLE,0.6666666666666666
200,0.7916666666666666,25.483472345002124,Data splitting,0.7272727272727272
200,0.8636363636363636,10.425315458619474,Naive,0.6666666666666666
200,0.85,12.911724462335513,MLE,0.5
200,0.9166666666666666,14.436124306864407,Data splitting,0.15384615384615383
200,0.6875,8.318816888817317,Naive,0.28571428571428575
200,0.9722222222222222,12.90302206062535,MLE,0.3157894736842105
200,0.8571428571428571,16.535302837571198,Data splitting,0.3529411764705882
200,0.95,8.30763965486085,Naive,0.4
200,0.9375,13.008693381460803,MLE,0.5454545454545454
200,0.78125,18.457047925888908,Data splitting,0.5555555555555556
200,0.90625,9.066989985747009,Naive,0.5555555555555556
200,0.95,12.461718698388827,MLE,0.5
200,0.9,15.38438327687614,Data splitting,0.6666666666666666
200,0.8125,8.395021304344805,Naive,0.5714285714285715
200,0.9545454545454546,12.832916610614463,MLE,0.5714285714285713
200,0.78125,19.866996632485865,Data splitting,0.5555555555555556
200,0.9615384615384616,9.877661735988266,Naive,0.608695652173913
200,0.9090909090909091,12.758644423006421,MLE,0.6666666666666666
200,0.8333333333333334,15.482789247350212,Data splitting,0.7499999999999999
200,0.8,8.4403692331257,Naive,0.5333333333333333
200,0.75,12.356466409740497,MLE,0.6956521739130435
200,0.8928571428571429,16.593175121255953,Data splitting,0.588235294117647
200,0.8,9.462656737887878,Naive,0.8000000000000002
200,0.9166666666666666,12.145854415931135,MLE,0.7272727272727272
200,0.8928571428571429,18.346527924837964,Data splitting,0.47058823529411764
200,0.8333333333333334,9.65827251247942,Naive,0.7368421052631577
200,0.95,12.737122726089751,MLE,0.8000000000000002
200,0.875,16.53849656084369,Data splitting,0.625
200,1.0,8.516115844556683,Naive,0.6666666666666666
200,0.8055555555555556,12.228779725032677,MLE,0.631578947368421
200,0.875,15.439770896333608,Data splitting,0.4285714285714285
200,0.875,9.433524178629163,Naive,0.6666666666666665
200,0.9722222222222222,12.804243323961266,MLE,0.5263157894736842
200,0.78125,18.4006540529245,Data splitting,0.4444444444444445
200,0.9166666666666666,8.92998495898398,Naive,0.625
200,0.875,12.493945315792018,MLE,0.6666666666666665
200,0.875,17.971952398689233,Data splitting,0.5555555555555556
200,0.8333333333333334,8.876346954726989,Naive,0.7499999999999999
200,0.9166666666666666,12.870294460821782,MLE,0.64
200,0.875,17.335329765785747,Data splitting,0.37499999999999994
200,0.84375,9.335909575835583,Naive,0.5555555555555556
200,0.8333333333333334,12.904738678581193,MLE,0.631578947368421
200,0.95,16.018269066774074,Data splitting,0.6666666666666666
200,0.6785714285714286,9.056065892884876,Naive,0.7058823529411764
200,0.8333333333333334,12.119639506716801,MLE,0.7200000000000001
200,0.8,19.922370340331035,Data splitting,0.9
200,0.9166666666666666,9.67149088190098,Naive,0.8421052631578948
200,0.8214285714285714,12.762610737158823,MLE,0.47058823529411764
200,0.9166666666666666,14.089467157267782,Data splitting,0.30769230769230765
200,0.8125,8.17946297845064,Naive,0.4285714285714285
200,0.9166666666666666,12.501891115018617,MLE,0.5263157894736842
200,0.875,15.271950191114488,Data splitting,0.5714285714285715
200,0.8888888888888888,8.986883236265726,Naive,0.7368421052631577
200,0.9166666666666666,12.696903740649278,MLE,0.5263157894736842
200,0.85,15.881388507109145,Data splitting,0.4
200,0.95,8.411062147281445,Naive,0.5333333333333333
200,0.9375,12.452464028164375,MLE,0.888888888888889
200,0.9583333333333334,16.17558774557261,Data splitting,0.5
200,0.9285714285714286,9.22464291139604,Naive,0.8235294117647058
200,0.8846153846153846,13.510483902166898,MLE,0.34782608695652173
200,0.84375,18.37519411264979,Data splitting,0.22222222222222224
200,0.7916666666666666,10.462012120890444,Naive,0.3636363636363636
200,0.8636363636363636,12.493383319770878,MLE,0.6666666666666666
200,1.0,17.034958504121835,Data splitting,0.5
200,0.90625,9.365029807764738,Naive,0.6666666666666665
200,0.859375,12.224999425012355,MLE,0.6153846153846154
200,0.8214285714285714,18.837533248631342,Data splitting,0.47058823529411764
200,0.7708333333333334,10.72287747753824,Naive,0.6363636363636365
200,0.9090909090909091,12.679600916552106,MLE,0.47619047619047616
200,1.0,16.732493533747668,Data splitting,0.588235294117647
200,0.7777777777777778,9.349546403844846,Naive,0.631578947368421
200,0.9423076923076923,13.081168397692469,MLE,0.5217391304347826
200,0.9166666666666666,15.969926129987174,Data splitting,0.25
200,0.75,8.981897653500821,Naive,0.7058823529411764
200,0.9444444444444444,12.580640182360185,MLE,0.631578947368421
200,0.875,15.221029250290588,Data splitting,0.5714285714285715
200,0.7916666666666666,8.818649451650103,Naive,0.7499999999999999
200,0.8863636363636364,12.51029078195049,MLE,0.47619047619047616
200,0.65625,20.332693298592957,Data splitting,0.5555555555555556
200,0.71875,9.586197456576457,Naive,0.5555555555555556
200,0.8541666666666666,13.016394064862851,MLE,0.5454545454545454
200,0.85,21.37845944027243,Data splitting,0.7
200,0.9166666666666666,10.51355560256585,Naive,0.7272727272727272
200,0.9166666666666666,12.307819086772836,MLE,0.7272727272727272
200,0.71875,19.486555845764393,Data splitting,0.6666666666666665
200,0.7916666666666666,8.976498643101175,Naive,0.625
200,0.703125,12.54653814883375,MLE,0.5384615384615384
200,0.8,22.635126439174076,Data splitting,0.6
200,0.9166666666666666,10.629680275277297,Naive,0.6363636363636365
200,0.8333333333333334,12.460651719379605,MLE,0.631578947368421
200,0.875,17.082603399925645,Data splitting,0.625
200,0.8214285714285714,9.150738759396301,Naive,0.588235294117647
200,0.8888888888888888,12.551188096405403,MLE,0.7368421052631577
200,0.8333333333333334,17.903906055140045,Data splitting,0.5
200,0.9166666666666666,9.504649507439456,Naive,0.7368421052631577
200,0.7166666666666667,11.962492994928022,MLE,0.64
200,0.9722222222222222,18.520975591983518,Data splitting,0.631578947368421
200,0.6666666666666666,9.758759500083618,Naive,0.631578947368421
200,0.7916666666666666,12.050754000728773,MLE,0.8181818181818182
200,0.8928571428571429,19.858793202532855,Data splitting,0.7058823529411764
200,0.8181818181818182,10.368367634070195,Naive,0.8571428571428572
200,0.9090909090909091,12.660962984163858,MLE,0.6666666666666666
200,0.9,15.650447976369765,Data splitting,0.5333333333333333
200,0.825,9.6087621094069,Naive,0.8000000000000002
200,0.8928571428571429,12.843873491711205,MLE,0.5
200,0.8571428571428571,18.21891559015937,Data splitting,0.47058823529411764
200,0.84375,9.30320196953453,Naive,0.5555555555555556
200,0.9166666666666666,12.610491777553094,MLE,0.6363636363636365
200,1.0,14.754510367026015,Data splitting,0.4285714285714285
200,1.0,8.833943383725773,Naive,0.8235294117647058
200,0.875,12.886594589907649,MLE,0.5384615384615384
200,0.9375,18.15608094220078,Data splitting,0.5555555555555556
200,0.8636363636363636,9.922170465301273,Naive,0.47619047619047616
200,0.9090909090909091,12.917445292687747,MLE,0.5714285714285713
200,0.9375,15.128900663080925,Data splitting,0.4285714285714285
200,0.8055555555555556,9.248261134661064,Naive,0.631578947368421
200,1.0,12.645705431960765,MLE,0.4210526315789474
200,0.9375,17.341943114212896,Data splitting,0.7777777777777777
200,1.0,8.915584940477782,Naive,0.8235294117647058
200,0.7777777777777778,12.55207593514248,MLE,0.42857142857142855
200,0.8636363636363636,23.032925927947502,Data splitting,0.47619047619047616
200,0.75,10.872494231922346,Naive,0.6363636363636365
200,0.8958333333333334,12.646869928947462,MLE,0.3636363636363636
200,1.0,15.70893447031148,Data splitting,0.4
200,0.8214285714285714,8.905883714875808,Naive,0.588235294117647
200,0.8846153846153846,12.731188556310597,MLE,0.4347826086956522
200,0.875,19.37385849364778,Data splitting,0.4000000000000001
200,0.875,9.54906802958258,Naive,0.5555555555555556
200,0.7916666666666666,12.673739563917971,MLE,0.6363636363636365
200,0.8125,19.346943380798322,Data splitting,0.5555555555555556
200,0.75,9.838060051393404,Naive,0.6
200,0.9375,12.823970377528546,MLE,0.6666666666666665
200,0.875,15.120227455582228,Data splitting,0.4285714285714285
200,0.875,9.125966227346995,Naive,0.7499999999999999
200,0.9375,12.451949283436868,MLE,0.5555555555555556
200,0.875,16.95686680490064,Data splitting,0.5
200,0.875,9.508022367873703,Naive,0.5
200,0.9166666666666666,12.451542184175024,MLE,0.5263157894736842
200,0.7857142857142857,18.302874435885354,Data splitting,0.588235294117647
200,0.8055555555555556,9.554597072832664,Naive,0.631578947368421
200,0.8958333333333334,12.483959082075325,MLE,0.3636363636363636
200,0.84375,17.83083494981942,Data splitting,0.5555555555555556
200,0.925,9.751593882360497,Naive,0.6
200,0.8571428571428571,12.439918190347665,MLE,0.7058823529411764
200,1.0,15.282538403738467,Data splitting,0.6666666666666666
200,0.71875,9.573440364830994,Naive,0.888888888888889
200,0.9444444444444444,12.223346089768729,MLE,0.7368421052631577
200,0.875,16.59315620314153,Data splitting,0.625
200,0.8611111111111112,9.644502020307607,Naive,0.8421052631578948
200,0.8333333333333334,12.031554611531112,MLE,0.631578947368421
200,0.8333333333333334,16.525338913695787,Data splitting,0.5
200,0.85,8.634882964404856,Naive,0.5333333333333333
200,0.95,12.993308823722575,MLE,0.4000000000000001
200,0.84375,18.24119064647969,Data splitting,0.5555555555555556
200,0.8928571428571429,9.121493758030523,Naive,0.588235294117647
200,0.7954545454545454,12.629181149533917,MLE,0.6666666666666666
200,0.8214285714285714,17.29840646335464,Data splitting,0.47058823529411764
200,0.8863636363636364,9.604305362544828,Naive,0.761904761904762
200,0.8888888888888888,12.845504812377676,MLE,0.631578947368421
200,1.0,15.640827657089096,Data splitting,0.6666666666666666
200,0.9642857142857143,9.087464918205706,Naive,0.8235294117647058
200,0.875,13.053039221847733,MLE,0.6428571428571429
200,0.85,17.453602660451423,Data splitting,0.5333333333333333
200,0.9090909090909091,9.867394102388024,Naive,0.761904761904762
200,0.875,12.822703877654995,MLE,0.38461538461538464
200,0.875,19.12406347425018,Data splitting,0.5555555555555556
200,0.9318181818181818,9.687369362701505,Naive,0.380952380952381
200,0.9107142857142857,12.820728213172655,MLE,0.5833333333333334
200,0.925,19.317560111706896,Data splitting,0.6
200,0.925,9.938039870401298,Naive,0.8000000000000002
200,0.9166666666666666,12.844976684377514,MLE,0.48
200,1.0,18.323557679658883,Data splitting,0.47058823529411764
200,0.9318181818181818,9.764549076628953,Naive,0.8571428571428572
200,0.9375,12.602630705439985,MLE,0.6153846153846154
200,0.9,19.97586505610168,Data splitting,0.5
200,0.8863636363636364,9.927955846062526,Naive,0.8571428571428572
200,0.9285714285714286,12.964976687271049,MLE,0.47058823529411764
200,0.9285714285714286,18.437593083800145,Data splitting,0.7058823529411764
200,0.9583333333333334,9.084683128215092,Naive,0.7499999999999999
200,0.8958333333333334,13.091957828017774,MLE,0.5454545454545454
200,0.95,16.296345883957557,Data splitting,0.6666666666666666
200,0.9583333333333334,8.681814294922695,Naive,0.7499999999999999
200,0.84375,13.510214489082495,MLE,0.33333333333333326
200,0.9285714285714286,17.77889497866399,Data splitting,0.47058823529411764
200,0.9375,8.261184992655513,Naive,0.5714285714285715
200,0.9,13.030036725693794,MLE,0.6
200,0.875,16.728867563702668,Data splitting,0.4444444444444445
200,0.85,8.401946937726683,Naive,0.5333333333333333
200,0.7954545454545454,13.0373582388983,MLE,0.6666666666666666
200,0.75,14.072973881167789,Data splitting,0.4615384615384615
200,0.9722222222222222,9.104453630447393,Naive,0.9473684210526316
200,0.875,12.516982829329683,MLE,0.6363636363636365
200,0.90625,16.772912179392605,Data splitting,0.6666666666666665
200,0.84375,9.365266386090685,Naive,0.7777777777777777
200,0.9038461538461539,12.668520277930867,MLE,0.7826086956521738
200,0.8333333333333334,19.30254938669999,Data splitting,0.4210526315789474
200,0.9090909090909091,10.193635837951241,Naive,0.761904761904762
200,1.0,12.972645950459805,MLE,0.45454545454545453
200,0.75,13.778138399287142,Data splitting,0.30769230769230765
200,0.9583333333333334,8.66075151634208,Naive,0.625
200,0.8392857142857143,12.34602005332412,MLE,0.5833333333333334
200,0.8928571428571429,17.328225002294268,Data splitting,0.47058823529411764
200,0.6944444444444444,9.557729708378888,Naive,0.631578947368421
200,0.9545454545454546,13.11957684780272,MLE,0.380952380952381
200,0.875,14.99131748616512,Data splitting,0.28571428571428575
200,0.9285714285714286,8.719739959756916,Naive,0.7058823529411764
200,0.8125,12.803481507921857,MLE,0.6666666666666665
200,0.9583333333333334,16.824139032234843,Data splitting,0.7499999999999999
200,0.9166666666666666,9.62697232965154,Naive,0.8421052631578948
200,0.9821428571428571,12.785259489220394,MLE,0.41666666666666663
200,0.90625,18.524667832520443,Data splitting,0.5555555555555556
200,0.9444444444444444,9.342459153904212,Naive,0.5263157894736842
200,0.9285714285714286,12.807033488692452,MLE,0.41666666666666663
200,0.9583333333333334,16.103187880414144,Data splitting,0.5
200,0.875,8.17947745302434,Naive,0.4285714285714285
200,0.9318181818181818,12.282221131373268,MLE,0.5714285714285713
200,1.0,16.159212222741992,Data splitting,0.5333333333333333
200,0.8333333333333334,9.615366899838085,Naive,0.8421052631578948
200,0.8333333333333334,12.465745974207591,MLE,0.6363636363636365
200,1.0,16.073626619936768,Data splitting,0.5333333333333333
200,0.7916666666666666,9.01896538672377,Naive,0.625
200,0.8846153846153846,12.805408246054984,MLE,0.5217391304347826
200,0.8214285714285714,19.108455540102202,Data splitting,0.588235294117647
200,0.8,10.109120746505956,Naive,0.6
200,0.8409090909090909,12.776555871799893,MLE,0.761904761904762
200,0.75,18.693269634657486,Data splitting,0.7058823529411764
200,0.8928571428571429,9.344334574873196,Naive,0.7058823529411764
200,0.8928571428571429,12.8622850349039,MLE,0.5833333333333334
200,0.84375,18.391147816739853,Data splitting,0.7777777777777777
200,0.8611111111111112,9.489708174199604,Naive,0.631578947368421
200,0.9722222222222222,12.81334157923196,MLE,0.5263157894736842
200,0.95,16.437130288871792,Data splitting,0.6666666666666666
200,0.8571428571428571,9.190531641502998,Naive,0.7058823529411764
200,0.9375,13.085006055669773,MLE,0.3636363636363636
200,0.85,16.083198381833586,Data splitting,0.26666666666666666
200,0.9166666666666666,8.712191593908797,Naive,0.37499999999999994
200,0.8333333333333334,12.870338972847199,MLE,0.5454545454545454
200,0.8571428571428571,17.5183204447181,Data splitting,0.588235294117647
200,0.8636363636363636,9.897807558269845,Naive,0.8571428571428572
200,0.9583333333333334,12.624342474417972,MLE,0.37499999999999994
200,0.75,12.999927186084559,Data splitting,0.33333333333333337
200,0.9375,8.055448419980163,Naive,0.4285714285714285
200,0.9318181818181818,12.852535370197852,MLE,0.47619047619047616
200,0.7222222222222222,18.935677799247443,Data splitting,0.3157894736842105
200,0.84375,9.265853132547488,Naive,0.7777777777777777
200,0.9166666666666666,12.589017654957964,MLE,0.631578947368421
200,0.95,15.409250372669991,Data splitting,0.4
200,1.0,8.433112414218375,Naive,0.6666666666666666
200,0.875,12.74683784821923,MLE,0.4444444444444445
200,0.9583333333333334,16.936919459395725,Data splitting,0.5
200,0.8888888888888888,9.519604137939561,Naive,0.5263157894736842
200,0.875,12.593255737568958,MLE,0.5454545454545454
200,0.9,16.754486838414238,Data splitting,0.5333333333333333
200,0.875,9.421388731409136,Naive,0.6666666666666665
200,0.8269230769230769,12.482868512801717,MLE,0.608695652173913
200,0.8928571428571429,18.798159153916874,Data splitting,0.47058823529411764
200,0.7884615384615384,10.830113727426085,Naive,0.608695652173913
200,0.975,12.727041285621425,MLE,0.6
200,0.8888888888888888,18.282130230910617,Data splitting,0.5263157894736842
200,0.85,9.398377933914572,Naive,0.7
200,0.925,12.496500535639921,MLE,0.5
200,0.6785714285714286,18.046386814491783,Data splitting,0.7058823529411764
200,0.875,9.37764298426506,Naive,0.6666666666666665
200,0.9038461538461539,12.600975543979615,MLE,0.5217391304347826
200,0.85,15.88523790737683,Data splitting,0.26666666666666666
200,0.875,8.792690119838113,Naive,0.625
200,0.85,12.845414214188065,MLE,0.6
200,0.9583333333333334,17.60192099873454,Data splitting,0.37499999999999994
200,0.8125,9.594169264559305,Naive,0.6666666666666665
200,0.8611111111111112,12.177542880326984,MLE,0.4210526315789474
200,0.75,16.20825419404451,Data splitting,0.4285714285714285
200,0.7916666666666666,8.84724182832813,Naive,0.5
200,0.9090909090909091,12.77288287615798,MLE,0.5714285714285713
200,0.8571428571428571,17.50052416724129,Data splitting,0.588235294117647
200,0.6785714285714286,9.282600357928263,Naive,0.588235294117647
200,0.9318181818181818,12.564958245687563,MLE,0.5714285714285713
200,0.875,16.480870810841378,Data splitting,0.5
200,0.75,9.365881626664963,Naive,0.6666666666666665
200,0.875,12.54373960727035,MLE,0.8000000000000002
200,0.75,22.31916160036796,Data splitting,0.5263157894736842
200,0.8333333333333334,9.69684485426508,Naive,0.631578947368421
200,0.8888888888888888,12.932787844870482,MLE,0.5263157894736842
200,1.0,16.63268207946641,Data splitting,0.8235294117647058
200,0.9583333333333334,8.76739097203784,Naive,0.7499999999999999
200,0.8541666666666666,11.989994247330836,MLE,0.7272727272727272
200,0.6785714285714286,19.654881146094393,Data splitting,0.8235294117647058
200,0.6944444444444444,10.049826798955435,Naive,0.8421052631578948
200,0.875,12.776821508264497,MLE,0.4444444444444445
200,0.8125,15.659932605804345,Data splitting,0.4285714285714285
200,0.71875,9.021157634231749,Naive,0.4444444444444445
200,0.9807692307692307,12.532006007897378,MLE,0.4347826086956522
200,0.875,14.85981699192826,Data splitting,0.4285714285714285
200,0.8863636363636364,9.589831206788025,Naive,0.47619047619047616
200,0.925,12.644704415587443,MLE,0.6
200,0.9642857142857143,16.81793037034478,Data splitting,0.588235294117647
200,0.7222222222222222,9.478527416444,Naive,0.631578947368421
200,0.8958333333333334,12.670022679225006,MLE,0.7272727272727272
200,0.75,17.727902929758862,Data splitting,0.625
200,0.9285714285714286,9.317632196653628,Naive,0.8235294117647058
200,0.8863636363636364,12.724128379721746,MLE,0.5714285714285713
200,0.8214285714285714,18.272332976415846,Data splitting,0.588235294117647
200,0.8571428571428571,9.200529713026521,Naive,0.7058823529411764
200,0.7884615384615384,12.657847141086364,MLE,0.6956521739130435
200,0.9642857142857143,17.759289769428385,Data splitting,0.47058823529411764
200,0.8,9.730785105537217,Naive,0.7
200,0.8,11.873103555425468,MLE,0.64
200,0.925,20.796480508852365,Data splitting,0.6
200,0.775,10.14643547908562,Naive,0.7
200,0.8181818181818182,12.447283482516879,MLE,0.761904761904762
200,0.8611111111111112,20.2171408933189,Data splitting,0.5263157894736842
200,0.85,9.868860465577395,Naive,0.7
200,0.875,12.204592616403673,MLE,0.5
200,0.85,16.77618135516156,Data splitting,0.6666666666666666
200,0.7916666666666666,9.138037087972073,Naive,0.7499999999999999
200,0.825,12.86035518618595,MLE,0.7
200,0.7857142857142857,19.48589334739276,Data splitting,0.47058823529411764
200,0.9375,9.554406133313687,Naive,0.7777777777777777
200,0.8611111111111112,12.704822495229234,MLE,0.631578947368421
200,0.8571428571428571,18.31770468694724,Data splitting,0.588235294117647
200,0.8125,9.356709033325238,Naive,0.7777777777777777
200,0.9615384615384616,12.574840791342531,MLE,0.7826086956521738
200,0.875,18.225554177444483,Data splitting,0.6666666666666665
200,0.8181818181818182,10.23336093221227,Naive,0.761904761904762
200,0.9545454545454546,12.759042214081564,MLE,0.5714285714285713
200,0.7857142857142857,18.863658304393788,Data splitting,0.8235294117647058
200,0.75,8.972790066426736,Naive,0.588235294117647
200,0.85,12.598613477604223,MLE,0.6
200,0.75,19.14195594409031,Data splitting,0.588235294117647
200,0.65625,9.883415932806788,Naive,0.7777777777777777
200,0.9318181818181818,12.538689779219146,MLE,0.6666666666666666
200,0.6875,15.621003246947193,Data splitting,0.4285714285714285
200,0.95,8.578491190572096,Naive,0.6666666666666666
200,0.975,12.780374428502132,MLE,0.6
200,0.9285714285714286,17.098506926535954,Data splitting,0.588235294117647
200,0.8125,9.1683980417586,Naive,0.6666666666666665
200,0.7777777777777778,12.679890199288012,MLE,0.3157894736842105
200,0.9583333333333334,17.471971389440544,Data splitting,0.5
200,0.7777777777777778,9.892800607479803,Naive,0.7368421052631577
200,0.9375,12.37106181354637,MLE,0.6363636363636365
200,0.84375,20.204756280177108,Data splitting,0.6666666666666665
200,0.825,9.911897997131776,Naive,0.6
200,0.925,13.00204553092837,MLE,0.6
200,0.84375,18.601763247949492,Data splitting,0.5555555555555556
200,0.8888888888888888,9.560882629640595,Naive,0.631578947368421
200,0.9375,12.901244079468148,MLE,0.5454545454545454
200,0.95,14.829010760843886,Data splitting,0.26666666666666666
200,0.9,9.443436505627755,Naive,0.7
200,0.8928571428571429,12.330561902557074,MLE,0.6666666666666666
200,0.875,15.613594322880006,Data splitting,0.5
200,0.8541666666666666,9.772693456620942,Naive,0.7272727272727272
200,0.890625,12.72769160788199,MLE,0.4615384615384615
200,0.8,23.68255114282432,Data splitting,0.8000000000000002
200,0.8,10.021264400643393,Naive,0.8000000000000002
200,0.9583333333333334,12.642513738647532,MLE,0.625
200,0.95,15.538186002969294,Data splitting,0.13333333333333333
200,0.875,8.18930890612428,Naive,0.4285714285714285
200,0.9090909090909091,12.708546053367353,MLE,0.5714285714285713
200,0.9375,18.14193633522018,Data splitting,0.5555555555555556
200,0.6875,9.388249037788334,Naive,0.5555555555555556
200,0.9464285714285714,12.813130387392501,MLE,0.75
200,0.8541666666666666,22.724607765524933,Data splitting,0.7272727272727272
200,0.9318181818181818,9.930654136463831,Naive,0.761904761904762
200,0.8928571428571429,12.24946521091959,MLE,0.588235294117647
200,0.875,17.341773659910444,Data splitting,0.625
200,0.7083333333333334,9.323156776890443,Naive,0.625
200,0.8409090909090909,12.337449483996183,MLE,0.761904761904762
200,0.9166666666666666,17.47437465059472,Data splitting,0.7499999999999999
200,0.8055555555555556,9.809791076328159,Naive,0.7368421052631577
200,0.9545454545454546,12.42719520390706,MLE,0.380952380952381
200,0.8611111111111112,19.768384652688223,Data splitting,0.631578947368421
200,0.8055555555555556,9.414171645447267,Naive,0.631578947368421
200,0.9772727272727273,12.970747192081136,MLE,0.47619047619047616
200,0.9,16.384414178340254,Data splitting,0.6666666666666666
200,1.0,8.908603232749273,Naive,0.7499999999999999
200,0.8928571428571429,12.606075347584035,MLE,0.47058823529411764
200,0.625,16.048002323124614,Data splitting,0.14285714285714288
200,0.8,8.506578741016723,Naive,0.5333333333333333
200,0.775,12.654381426723548,MLE,0.6
200,0.725,24.69812272821998,Data splitting,0.7
200,0.7777777777777778,9.657952893935411,Naive,0.8421052631578948
200,0.8571428571428571,12.558993387086419,MLE,0.588235294117647
200,0.875,16.649913140369378,Data splitting,0.625
200,0.85,8.472826980110684,Naive,0.5333333333333333
200,0.8958333333333334,12.759869413399386,MLE,0.5454545454545454
200,0.7916666666666666,16.7980474269946,Data splitting,0.37499999999999994
200,0.875,9.451366320346406,Naive,0.888888888888889
200,0.8846153846153846,12.516984362002686,MLE,0.8695652173913044
200,0.9375,19.970468432322246,Data splitting,0.7777777777777777
200,0.84375,10.169553957228604,Naive,0.888888888888889
200,0.9444444444444444,12.888279390551316,MLE,0.4210526315789474
200,0.8,21.55257862223267,Data splitting,0.4000000000000001
200,0.85,9.706457634069562,Naive,0.6
200,0.8035714285714286,12.42444989761239,MLE,0.5833333333333334
200,0.8055555555555556,22.254654095187288,Data splitting,0.7368421052631577
200,0.7083333333333334,10.825886036932502,Naive,0.7272727272727272
200,0.8461538461538461,12.558426324457447,MLE,0.608695652173913
200,0.84375,20.01988544388541,Data splitting,0.7777777777777777
200,0.96875,9.344186963063507,Naive,0.7777777777777777
200,0.8214285714285714,13.006538288966263,MLE,0.7058823529411764
200,0.90625,18.023090014303342,Data splitting,0.5555555555555556
200,0.9375,9.195959820864225,Naive,0.7777777777777777
200,0.8076923076923077,12.183727603088208,MLE,0.6956521739130435
200,0.875,17.44031198738756,Data splitting,0.5
200,0.75,9.636111260740842,Naive,0.588235294117647
200,0.7884615384615384,13.209886499117037,MLE,0.608695652173913
200,0.8571428571428571,19.855506855557792,Data splitting,0.588235294117647
200,0.8888888888888888,10.323552136102672,Naive,0.8421052631578948
200,0.9375,12.793899456441826,MLE,0.5454545454545454
200,0.84375,17.891726833309956,Data splitting,0.4444444444444445
200,0.7,8.848242480527876,Naive,0.6666666666666666
200,0.9,12.579644136423791,MLE,0.7
200,0.90625,17.378003597127023,Data splitting,0.6666666666666665
200,0.825,9.657073885845836,Naive,0.7
200,0.9,12.130311602124689,MLE,0.9
200,0.8928571428571429,17.953570398758284,Data splitting,0.8235294117647058
200,0.71875,9.901760527668422,Naive,0.888888888888889
200,0.875,12.494506568433874,MLE,0.7
200,1.0,15.146784293637353,Data splitting,0.4285714285714285
200,0.8055555555555556,9.446913745557818,Naive,0.631578947368421
200,0.8409090909090909,12.969996791719723,MLE,0.47619047619047616
200,0.9583333333333334,16.538013298021145,Data splitting,0.5
200,0.8333333333333334,8.859665156368843,Naive,0.5
200,0.8958333333333334,13.015876063682251,MLE,0.6363636363636365
200,0.9642857142857143,16.933312964699045,Data splitting,0.47058823529411764
200,0.9375,9.373301591437976,Naive,0.7777777777777777
200,0.9444444444444444,12.573945510620664,MLE,0.631578947368421
200,0.8888888888888888,19.783955226140286,Data splitting,0.631578947368421
200,0.8055555555555556,9.852153537573319,Naive,0.631578947368421
200,0.9318181818181818,13.269156102688168,MLE,0.47619047619047616
200,0.7857142857142857,16.66950808641905,Data splitting,0.23529411764705882
200,0.8571428571428571,9.057278511321831,Naive,0.47058823529411764
200,0.7954545454545454,12.291178770709585,MLE,0.6666666666666666
200,0.9285714285714286,17.614702079578933,Data splitting,0.7058823529411764
200,0.75,9.75653662263722,Naive,0.7368421052631577
200,0.8214285714285714,12.581426767910719,MLE,0.6666666666666666
200,0.8333333333333334,17.28231599644567,Data splitting,0.625
200,0.75,8.835647705938024,Naive,0.588235294117647
200,0.8166666666666667,13.00545057803408,MLE,0.48
200,0.5416666666666666,34.11783075194052,Data splitting,0.45454545454545453
200,0.8269230769230769,11.687380056965424,Naive,0.5217391304347826
200,0.925,12.763240176026308,MLE,0.6
200,0.95,15.386577057380785,Data splitting,0.4
200,0.9166666666666666,9.418819898139784,Naive,0.631578947368421
200,0.8863636363636364,12.53354204797261,MLE,0.6666666666666666
200,0.95,16.524914256561782,Data splitting,0.6666666666666666
200,0.7142857142857143,9.55591382024295,Naive,0.7058823529411764
200,0.9285714285714286,12.828405357386142,MLE,0.6666666666666666
200,0.9166666666666666,13.897537054796933,Data splitting,0.30769230769230765
200,0.8888888888888888,9.216121889766779,Naive,0.7368421052631577
200,0.8409090909090909,12.68021872682903,MLE,0.761904761904762
200,1.0,13.791486182077401,Data splitting,0.30769230769230765
200,0.9285714285714286,9.201868066377495,Naive,0.8235294117647058
200,0.8958333333333334,13.254660510992272,MLE,0.45454545454545453
200,0.7083333333333334,17.633340722068628,Data splitting,0.625
200,0.9285714285714286,9.165855625854155,Naive,0.588235294117647
200,0.8846153846153846,13.158481689268969,MLE,0.2608695652173913
200,0.875,18.64311787350207,Data splitting,0.4444444444444445
200,0.875,9.140079054438523,Naive,0.5555555555555556
200,0.8676470588235294,12.55721212555057,MLE,0.4444444444444445
200,0.84375,18.028255898423193,Data splitting,0.5555555555555556
200,0.8,9.561159162703254,Naive,0.6
200,0.85,12.883007460891742,MLE,0.6
200,1.0,16.535173482123565,Data splitting,0.588235294117647
200,0.8863636363636364,9.793998139194882,Naive,0.6666666666666666
200,0.8409090909090909,12.182889610717327,MLE,0.761904761904762
200,0.8928571428571429,18.01894021529356,Data splitting,0.7058823529411764
200,0.725,10.1414410855657,Naive,0.8000000000000002
200,0.9464285714285714,12.811433984451156,MLE,0.6666666666666666
200,0.925,19.831628717278324,Data splitting,0.6
200,0.8928571428571429,10.504586204360072,Naive,0.8333333333333333
200,0.8928571428571429,12.783603168349654,MLE,0.7058823529411764
200,0.9583333333333334,17.31894728981145,Data splitting,0.625
200,0.8928571428571429,9.3303881018733,Naive,0.8235294117647058
200,0.8863636363636364,12.523819987576148,MLE,0.5714285714285713
200,0.8125,16.26913260737897,Data splitting,0.5714285714285715
200,0.75,9.474068403488673,Naive,0.7058823529411764
200,0.9166666666666666,12.70691686895801,MLE,0.6363636363636365
200,0.9166666666666666,16.236219519809655,Data splitting,0.625
200,0.90625,9.253641050231874,Naive,0.7777777777777777
200,0.7857142857142857,12.859286620351645,MLE,0.7058823529411764
200,0.9,15.59336519347396,Data splitting,0.5333333333333333
200,0.9642857142857143,8.935589106918,Naive,0.7058823529411764
200,0.7954545454545454,12.685015528890041,MLE,0.5714285714285713
200,0.8214285714285714,19.629435237151394,Data splitting,0.588235294117647
200,0.8125,9.661357783704275,Naive,0.6666666666666665
200,0.8,12.435230160684108,MLE,0.3
200,0.75,16.252430304788355,Data splitting,0.5
200,0.7916666666666666,8.770093555892933,Naive,0.625
200,0.9583333333333334,12.938428252930962,MLE,0.6363636363636365
200,1.0,17.843738165976767,Data splitting,0.631578947368421
200,0.9642857142857143,9.016687234436938,Naive,0.7058823529411764
200,0.84375,12.861148761802017,MLE,0.5555555555555556
200,0.9583333333333334,16.188684992403584,Data splitting,0.5
200,0.9583333333333334,8.805257639356277,Naive,0.625
200,0.9090909090909091,12.976946554889672,MLE,0.28571428571428564
200,0.875,14.981044695052583,Data splitting,0.4285714285714285
200,0.95,8.268609470794198,Naive,0.4
200,0.859375,12.326540427325023,MLE,0.5384615384615384
200,0.8928571428571429,18.457045924456338,Data splitting,0.588235294117647
200,0.7777777777777778,9.784555795415622,Naive,0.631578947368421
200,0.8571428571428571,13.149585113153849,MLE,0.6666666666666666
200,0.9,16.924779379994646,Data splitting,0.5333333333333333
200,0.7777777777777778,9.804053322379072,Naive,0.631578947368421
200,0.9166666666666666,12.49096517013397,MLE,0.6363636363636365
200,0.9583333333333334,17.149757867258348,Data splitting,0.5
200,0.8333333333333334,9.559475306841879,Naive,0.7368421052631577
200,0.84375,12.690435203036836,MLE,0.6666666666666665
200,0.9642857142857143,17.753181640547634,Data splitting,0.588235294117647
200,0.90625,9.404429200294427,Naive,0.7777777777777777
200,0.9444444444444444,12.305789350742863,MLE,0.631578947368421
200,0.95,15.91241626010609,Data splitting,0.4
200,0.8333333333333334,9.420770540412674,Naive,0.8421052631578948
200,0.8392857142857143,12.962979231276119,MLE,0.5
200,0.90625,18.92924413822014,Data splitting,0.5555555555555556
200,0.8181818181818182,9.790809402117798,Naive,0.6666666666666666
200,0.8214285714285714,12.498927975601438,MLE,0.588235294117647
200,0.7857142857142857,18.704152818265044,Data splitting,0.588235294117647
200,0.7083333333333334,9.244312116136582,Naive,0.625
200,0.9615384615384616,13.421478653669586,MLE,0.5217391304347826
200,0.9545454545454546,20.157865731365355,Data splitting,0.5714285714285713
200,0.9545454545454546,10.200466936722226,Naive,0.8571428571428572
200,0.8541666666666666,12.877249745684843,MLE,0.5454545454545454
200,0.8888888888888888,18.161023909278615,Data splitting,0.631578947368421
200,0.7777777777777778,9.826186826880447,Naive,0.8421052631578948
200,0.8571428571428571,12.51795820528498,MLE,0.5833333333333334
200,0.9,18.421821411398337,Data splitting,0.7
200,0.75,10.309336278577137,Naive,0.6363636363636365
200,0.8409090909090909,12.397881777643272,MLE,0.380952380952381
200,0.75,18.2546255258364,Data splitting,0.588235294117647
200,0.8571428571428571,8.99111296059968,Naive,0.47058823529411764
200,0.9166666666666666,12.37447066036758,MLE,0.631578947368421
200,0.8571428571428571,17.878392781411375,Data splitting,0.7058823529411764
200,0.775,9.892396161310359,Naive,0.8000000000000002
200,0.8928571428571429,12.288964390659165,MLE,0.5833333333333334
200,0.9318181818181818,18.38082545982543,Data splitting,0.5714285714285713
200,0.7954545454545454,9.900137167496634,Naive,0.5714285714285713
200,0.8653846153846154,13.486763037707748,MLE,0.5217391304347826
200,0.8214285714285714,24.004133356668174,Data splitting,0.588235294117647
200,0.875,9.72934849971852,Naive,0.625
200,0.9545454545454546,12.440809192984828,MLE,0.6666666666666666
200,0.7916666666666666,19.139678247446554,Data splitting,0.625
200,0.7857142857142857,9.309112453757143,Naive,0.7058823529411764
200,0.9,12.373955531496616,MLE,0.5
200,0.5833333333333334,15.291225933940881,Data splitting,0.30769230769230765
200,0.9,8.522918828838778,Naive,0.6666666666666666
200,0.96875,12.330919997981528,MLE,0.7777777777777777
200,0.9642857142857143,18.977058878735875,Data splitting,0.8235294117647058
200,0.75,10.302273170341596,Naive,0.7
200,0.9642857142857143,12.400932809446958,MLE,0.588235294117647
200,0.8928571428571429,19.213505974817018,Data splitting,0.7058823529411764
200,0.90625,9.999064271005347,Naive,0.7777777777777777
200,0.84375,12.721118719755635,MLE,0.4444444444444445
200,0.8333333333333334,16.670324396082574,Data splitting,0.5
200,0.75,9.161641197508548,Naive,0.588235294117647
200,0.9423076923076923,12.663214382593175,MLE,0.5217391304347826
200,1.0,17.55894220471449,Data splitting,0.4444444444444445
200,0.875,9.843116884222098,Naive,0.8000000000000002
200,0.9772727272727273,12.687745452125212,MLE,0.380952380952381
200,0.6818181818181818,22.480349378662932,Data splitting,0.47619047619047616
200,0.875,9.553528004052605,Naive,0.5
200,0.8611111111111112,12.18181205423668,MLE,0.631578947368421
200,0.95,15.849545413372066,Data splitting,0.5333333333333333
200,0.8333333333333334,9.654376732944835,Naive,0.631578947368421
200,0.825,12.731857282823919,MLE,0.7
200,0.95,15.987009890652624,Data splitting,0.5333333333333333
200,0.78125,9.283171000414221,Naive,0.6666666666666665
200,0.925,12.511472038832371,MLE,0.8000000000000002
200,0.8,16.732191238841292,Data splitting,0.6666666666666666
200,0.9285714285714286,9.203599465381402,Naive,0.8235294117647058
200,0.7777777777777778,13.21413353333523,MLE,0.5714285714285714
200,0.9545454545454546,23.42657656259322,Data splitting,0.761904761904762
200,0.9615384615384616,10.52925331223157,Naive,0.6956521739130435
200,0.9375,13.276418699505903,MLE,0.5384615384615384
200,0.9772727272727273,23.152028572303653,Data splitting,0.6666666666666666
200,0.8392857142857143,11.111682310713913,Naive,0.6666666666666666
200,0.8214285714285714,12.5292168710622,MLE,0.5833333333333334
200,0.9285714285714286,17.36087314836141,Data splitting,0.47058823529411764
200,0.9444444444444444,9.58324978497262,Naive,0.5263157894736842
200,0.9166666666666666,12.499116415530779,MLE,0.45454545454545453
200,1.0,14.393909047644707,Data splitting,0.14285714285714288
200,0.9,8.574733349540429,Naive,0.6666666666666666
200,0.8970588235294118,12.386261962069614,MLE,0.5925925925925927
200,0.9285714285714286,17.239415209286722,Data splitting,0.3529411764705882
200,0.8461538461538461,10.173306670516943,Naive,0.6956521739130435
200,0.9230769230769231,12.877303974611173,MLE,0.5217391304347826
200,0.9545454545454546,21.900565260764903,Data splitting,0.47619047619047616
200,0.9166666666666666,10.582142287490036,Naive,0.6363636363636365
200,0.84375,12.371171585949007,MLE,0.5384615384615384
200,0.8214285714285714,19.11885695756959,Data splitting,0.47058823529411764
200,0.84375,9.362338434975477,Naive,0.5555555555555556
200,0.875,13.111955248837328,MLE,0.41666666666666663
200,1.0,13.651812284190742,Data splitting,0.15384615384615383
200,0.8,8.383034695526703,Naive,0.5333333333333333
200,0.8541666666666666,12.657589658257061,MLE,0.45454545454545453
200,0.8333333333333334,17.65799249036174,Data splitting,0.625
200,1.0,8.58693978056816,Naive,0.6666666666666666
200,0.8269230769230769,13.001054974731456,MLE,0.7826086956521738
200,0.75,20.41353767937681,Data splitting,0.5555555555555556
200,0.9444444444444444,9.813366774477336,Naive,0.8421052631578948
200,0.9545454545454546,12.687103582527586,MLE,0.761904761904762
200,0.95,15.663362245395149,Data splitting,0.5333333333333333
200,0.875,8.944244004044911,Naive,0.7499999999999999
200,0.921875,12.67736498706364,MLE,0.5384615384615384
200,0.84375,18.771941286647866,Data splitting,0.6666666666666665
200,0.7916666666666666,8.879703983559168,Naive,0.7499999999999999
200,0.8846153846153846,12.76821999847016,MLE,0.5217391304347826
200,0.9375,18.985227810530752,Data splitting,0.4444444444444445
200,0.9642857142857143,9.118316760536874,Naive,0.588235294117647
200,0.8333333333333334,12.816271535225674,MLE,0.45454545454545453
200,0.8636363636363636,20.79686052594136,Data splitting,0.47619047619047616
200,0.7777777777777778,9.51620887427963,Naive,0.5263157894736842
200,0.9375,12.248559547037994,MLE,0.4444444444444445
200,0.9,15.622320012505757,Data splitting,0.4
200,0.875,9.249390261448049,Naive,0.6666666666666665
200,0.8958333333333334,12.563915830770616,MLE,0.6363636363636365
200,0.90625,18.016047260603138,Data splitting,0.7777777777777777
200,0.9642857142857143,9.062746516880809,Naive,0.7058823529411764
200,0.9,12.603362589856015,MLE,0.4000000000000001
200,0.84375,18.021654457405678,Data splitting,0.7777777777777777
200,0.8214285714285714,8.930367911700461,Naive,0.7058823529411764
200,0.9230769230769231,12.823628216355631,MLE,0.4347826086956522
200,0.9166666666666666,14.745828343959404,Data splitting,0.4615384615384615
200,0.875,8.865141609095637,Naive,0.5
200,0.84375,12.507422363122998,MLE,0.5555555555555556
200,0.78125,18.316508879345022,Data splitting,0.6666666666666665
200,0.75,9.282254240318357,Naive,0.7058823529411764
200,0.9107142857142857,12.381268504945146,MLE,0.5833333333333334
200,0.8409090909090909,26.462092378242083,Data splitting,0.761904761904762
200,0.8,10.336193330105,Naive,0.7
200,0.8863636363636364,12.544903794282579,MLE,0.47619047619047616
200,0.9166666666666666,14.290934373130414,Data splitting,0.30769230769230765
200,1.0,8.831317376654656,Naive,0.6666666666666666
200,0.9285714285714286,12.693164300122152,MLE,0.6666666666666666
200,0.7291666666666666,26.916097834015243,Data splitting,0.8181818181818182
200,0.8409090909090909,10.712201242145733,Naive,0.8571428571428572
200,0.9444444444444444,12.888360259401937,MLE,0.5263157894736842
200,1.0,13.45448844644649,Data splitting,0.4615384615384615
200,0.7916666666666666,8.720948096787971,Naive,0.625
200,0.95,12.469153028440612,MLE,0.8000000000000002
200,0.8125,15.683544506510703,Data splitting,0.4285714285714285
200,0.875,9.142320730837845,Naive,0.6666666666666665
200,0.8636363636363636,12.488131627389532,MLE,0.6666666666666666
200,0.8125,19.513218274932438,Data splitting,0.6666666666666665
200,0.8125,9.532792193920672,Naive,0.7777777777777777
200,0.8863636363636364,12.970426888580588,MLE,0.47619047619047616
200,1.0,15.653788755393261,Data splitting,0.4285714285714285
200,0.875,8.364204587887581,Naive,0.4285714285714285
200,0.859375,12.805668092677408,MLE,0.6153846153846154
200,0.775,22.092800993700045,Data splitting,0.6
200,0.8541666666666666,10.596101491246413,Naive,0.5454545454545454
200,0.9166666666666666,12.311151776676217,MLE,0.5
200,0.875,15.764307066009858,Data splitting,0.5714285714285715
200,0.6785714285714286,9.39367999572046,Naive,0.7058823529411764
200,0.7708333333333334,12.857339458374446,MLE,0.7272727272727272
200,0.7857142857142857,19.63750350428658,Data splitting,0.7058823529411764
200,0.7857142857142857,9.708274516536525,Naive,0.7058823529411764
200,0.9090909090909091,13.094648505361011,MLE,0.5714285714285713
200,0.9722222222222222,19.5915020950952,Data splitting,0.631578947368421
200,0.84375,9.728351476063086,Naive,0.6666666666666665
200,0.75,12.388138044009025,MLE,0.7058823529411764
200,0.9375,14.893543706572988,Data splitting,0.5714285714285715
200,0.85,8.716413056077046,Naive,0.6666666666666666
200,0.9375,12.462183942202135,MLE,0.4444444444444445
200,0.875,17.106246997093,Data splitting,0.625
200,0.9642857142857143,9.000557711526783,Naive,0.7058823529411764
200,0.8333333333333334,12.702434140774928,MLE,0.5454545454545454
200,0.8125,19.391351690509776,Data splitting,0.4444444444444445
200,0.875,9.021170736471225,Naive,0.5
200,0.90625,12.93464005282276,MLE,0.33333333333333326
200,1.0,15.074027196820282,Data splitting,0.28571428571428575
200,0.8055555555555556,9.198745425544688,Naive,0.4210526315789474
200,0.9166666666666666,12.6858256328038,MLE,0.37499999999999994
200,0.95,15.541256601760557,Data splitting,0.5333333333333333
200,0.8,8.945488542798758,Naive,0.5333333333333333
200,0.875,12.606616490159322,MLE,0.5555555555555556
200,1.0,16.46305702562929,Data splitting,0.7499999999999999
200,0.8611111111111112,9.945626354784853,Naive,0.7368421052631577
200,1.0,13.010206452226251,MLE,0.5555555555555556
200,0.75,26.393386462482383,Data splitting,0.6666666666666666
200,1.0,9.178887122651092,Naive,0.8235294117647058
200,0.8541666666666666,12.616264896793227,MLE,0.6363636363636365
200,0.875,19.031371008202676,Data splitting,0.4444444444444445
200,0.8636363636363636,9.774643937388042,Naive,0.5714285714285713
200,0.925,12.173277026040328,MLE,0.8000000000000002
200,0.8928571428571429,16.955726451504287,Data splitting,0.47058823529411764
200,0.8333333333333334,9.709526406334508,Naive,0.8421052631578948
200,0.9375,12.554722367961858,MLE,0.45454545454545453
200,0.8928571428571429,17.62291950359129,Data splitting,0.588235294117647
200,0.8214285714285714,9.038940605861004,Naive,0.8235294117647058
200,0.8958333333333334,12.745807399546747,MLE,0.6363636363636365
200,1.0,13.439992874514042,Data splitting,0.30769230769230765
200,0.925,9.298840990009449,Naive,0.7
200,0.90625,12.819711390043512,MLE,0.6153846153846154
200,0.95,15.670298912939561,Data splitting,0.5333333333333333
200,0.8888888888888888,9.429408486250473,Naive,0.8421052631578948
200,0.8461538461538461,12.315335365190991,MLE,0.608695652173913
200,0.975,19.630035480922743,Data splitting,0.5
200,0.825,9.916853738722109,Naive,0.7
200,0.8076923076923077,12.189043610405843,MLE,0.6956521739130435
200,0.8928571428571429,18.34891987169899,Data splitting,0.7058823529411764
200,0.8214285714285714,9.166939910554632,Naive,0.7058823529411764
200,0.8833333333333333,13.331378995163908,MLE,0.64
200,0.96875,18.23844298902712,Data splitting,0.5555555555555556
200,0.9444444444444444,9.757074230165477,Naive,0.7368421052631577
200,0.9375,12.571933372585772,MLE,0.6666666666666665
200,0.95,15.397789903678094,Data splitting,0.5333333333333333
200,0.8214285714285714,8.957273892428391,Naive,0.7058823529411764
200,0.9318181818181818,12.986087252493387,MLE,0.5714285714285713
200,1.0,15.286566949851355,Data splitting,0.4285714285714285
200,1.0,8.7595631496643,Naive,0.6666666666666666
200,0.9107142857142857,12.949120226202107,MLE,0.5
200,0.9642857142857143,17.368987320198904,Data splitting,0.588235294117647
200,0.96875,9.319754155002165,Naive,0.6666666666666665
200,0.9090909090909091,12.728175329071997,MLE,0.5714285714285713
200,0.8333333333333334,19.874828848158952,Data splitting,0.5263157894736842
200,0.90625,9.400553772325758,Naive,0.5555555555555556
200,0.875,12.865414064710105,MLE,0.4444444444444445
200,0.8125,17.57142608410093,Data splitting,0.6666666666666665
200,0.75,9.068694553855606,Naive,0.7058823529411764
200,0.8958333333333334,12.872393683226553,MLE,0.5454545454545454
200,0.9166666666666666,16.594294154921418,Data splitting,0.625
200,0.9166666666666666,8.7400530703783,Naive,0.625
200,0.8571428571428571,12.516309161330266,MLE,0.3529411764705882
200,0.9285714285714286,17.19095729008702,Data splitting,0.47058823529411764
200,0.8214285714285714,8.893612593693838,Naive,0.588235294117647
200,1.0,12.753759860721013,MLE,0.37499999999999994
200,0.75,15.084412384912435,Data splitting,0.4615384615384615
200,0.9,8.607114768549359,Naive,0.6666666666666666
200,0.85,12.752636590913363,MLE,0.64
200,0.8125,15.021617075625944,Data splitting,0.4285714285714285
200,0.9444444444444444,9.200461227960943,Naive,0.7368421052631577
200,1.0,13.243691788360227,MLE,0.5
200,0.9,16.19948962661982,Data splitting,0.5333333333333333
200,0.95,8.493404429937922,Naive,0.6666666666666666
200,0.78125,12.503182919576902,MLE,0.4444444444444445
200,1.0,14.893177895223298,Data splitting,0.5714285714285715
200,0.875,8.62333456480451,Naive,0.625
200,0.8421052631578947,12.943532054269946,MLE,0.6896551724137931
200,0.8958333333333334,22.29912110534875,Data splitting,0.6363636363636365
200,0.85,11.085102453866517,Naive,0.64
200,0.8863636363636364,12.723549818538839,MLE,0.47619047619047616
200,1.0,13.680803427227088,Data splitting,0.30769230769230765
200,0.9166666666666666,8.562959335706315,Naive,0.37499999999999994
200,0.9090909090909091,12.844694344870112,MLE,0.5714285714285713
200,0.8,17.718608198182217,Data splitting,0.5333333333333333
200,0.75,9.146595215286881,Naive,0.588235294117647
200,0.8125,12.649389889182519,MLE,0.5555555555555556
200,0.7142857142857143,19.790591830109186,Data splitting,0.588235294117647
200,0.875,9.180489523476195,Naive,0.625
200,0.95,12.644364409438165,MLE,0.7
200,0.75,16.76000112809526,Data splitting,0.5333333333333333
200,0.8,8.560676406463042,Naive,0.5333333333333333
200,0.8333333333333334,12.90584482104701,MLE,0.6428571428571429
200,0.8,21.239593692776662,Data splitting,0.6
200,0.9642857142857143,9.50707783858304,Naive,0.7058823529411764
200,0.925,12.714237278482157,MLE,0.6
200,0.75,16.744396169691715,Data splitting,0.5333333333333333
200,0.9166666666666666,9.01097033975733,Naive,0.5
200,0.90625,12.83312610446913,MLE,0.33333333333333326
200,0.95,16.329731648876667,Data splitting,0.5333333333333333
200,0.7916666666666666,8.617641947991958,Naive,0.5
200,0.9318181818181818,12.515486289030878,MLE,0.5714285714285713
200,0.95,15.380355093888113,Data splitting,0.4
200,0.9,8.67711546268858,Naive,0.6666666666666666
200,0.9038461538461539,12.611689975651688,MLE,0.608695652173913
200,1.0,14.445988243468829,Data splitting,0.4285714285714285
200,0.8125,8.856910752383236,Naive,0.6666666666666665
200,0.8888888888888888,12.902025185045773,MLE,0.4210526315789474
200,0.9583333333333334,15.630207641373241,Data splitting,0.25
200,0.8214285714285714,9.082653266183254,Naive,0.588235294117647
200,0.975,12.070067081587283,MLE,0.8000000000000002
200,0.8571428571428571,19.832963933421787,Data splitting,0.7058823529411764
200,0.9166666666666666,9.246877072472834,Naive,0.7499999999999999
200,0.9318181818181818,13.287420430503767,MLE,0.5714285714285713
200,0.78125,18.421070536218878,Data splitting,0.6666666666666665
200,0.75,9.62827010851118,Naive,0.888888888888889
200,0.9166666666666666,12.8864277972858,MLE,0.631578947368421
200,0.875,17.92162056097279,Data splitting,0.5555555555555556
200,0.9285714285714286,9.034809378087717,Naive,0.7058823529411764
200,0.8125,12.670803260918445,MLE,0.5555555555555556
200,1.0,16.262612009064643,Data splitting,0.5333333333333333
200,0.6875,9.666108405826808,Naive,0.6666666666666665
200,0.8214285714285714,13.3368333723965,MLE,0.6666666666666666
200,0.9090909090909091,20.223806199896618,Data splitting,0.5714285714285713
200,0.9,10.065612876443785,Naive,0.7
200,0.9615384615384616,13.015523644661585,MLE,0.34782608695652173
200,0.8125,17.97347469507472,Data splitting,0.4444444444444445
200,0.875,9.080725001824383,Naive,0.5555555555555556
200,0.8461538461538461,12.660143101938415,MLE,0.608695652173913
200,0.9583333333333334,16.281783181014045,Data splitting,0.5
200,0.9642857142857143,8.891916883094265,Naive,0.588235294117647
200,0.9090909090909091,12.861752767831764,MLE,0.47619047619047616
200,0.875,15.381509005455845,Data splitting,0.4285714285714285
200,0.875,8.874755435009307,Naive,0.625
200,0.9583333333333334,12.59802442004891,MLE,0.37499999999999994
200,1.0,14.548541400484945,Data splitting,0.4285714285714285
200,0.9583333333333334,8.674075710766127,Naive,0.625
200,0.9107142857142857,12.910729759672819,MLE,0.5
200,0.8333333333333334,21.04280617492328,Data splitting,0.5263157894736842
200,0.8888888888888888,10.291771241947451,Naive,0.631578947368421
200,0.8611111111111112,12.483627808607983,MLE,0.4210526315789474
200,0.8,15.469872913054099,Data splitting,0.4
200,0.85,8.582266637217266,Naive,0.5333333333333333
200,0.8636363636363636,12.89109575997269,MLE,0.5714285714285713
200,0.875,14.926078961473028,Data splitting,0.4285714285714285
200,0.9285714285714286,9.163312424800965,Naive,0.7058823529411764
200,0.9166666666666666,13.000959658494873,MLE,0.4
200,0.8928571428571429,17.229851368508157,Data splitting,0.47058823529411764
200,0.9375,8.948477165097831,Naive,0.5555555555555556
200,0.95,12.556706213291658,MLE,0.6
200,0.8125,15.832573465807455,Data splitting,0.4285714285714285
200,0.8,8.815353389577428,Naive,0.6666666666666666
200,0.8833333333333333,12.88844899759729,MLE,0.64
200,0.9375,18.502100000997437,Data splitting,0.5555555555555556
200,0.84375,9.261833296128295,Naive,0.5555555555555556
200,0.925,12.932350334425163,MLE,0.4000000000000001
200,0.75,18.081701684364983,Data splitting,0.5
200,0.75,9.871547387919545,Naive,0.5263157894736842
200,0.925,12.81906675971943,MLE,0.6
200,0.9,15.309549851623634,Data splitting,0.6666666666666666
200,0.875,9.079486051854538,Naive,0.6666666666666665
200,0.75,12.81267623837417,MLE,0.5
200,0.875,17.270934711789263,Data splitting,0.5
200,0.8,8.801224968368919,Naive,0.6666666666666666
200,0.875,12.92085538380285,MLE,0.37499999999999994
200,0.875,16.159632377146977,Data splitting,0.37499999999999994
200,0.8333333333333334,8.84024268687291,Naive,0.5
200,0.8958333333333334,12.49534729475087,MLE,0.5454545454545454
200,0.9375,17.363698584400485,Data splitting,0.5555555555555556
200,0.775,10.053166655905313,Naive,0.7
200,1.0,12.540249692541623,MLE,0.45454545454545453
200,0.875,18.041089378042006,Data splitting,0.37499999999999994
200,0.9375,9.457272397737752,Naive,0.6666666666666665
200,0.8928571428571429,12.77800967534883,MLE,0.41666666666666663
200,0.8333333333333334,18.643608177750806,Data splitting,0.4210526315789474
200,0.85,9.497050316424936,Naive,0.6
200,0.90625,12.469833452026542,MLE,0.7692307692307693
200,0.85,21.548567578092474,Data splitting,0.6
200,0.8392857142857143,11.10747210430351,Naive,0.8333333333333333
200,0.8888888888888888,12.466379019470631,MLE,0.7368421052631577
200,0.875,14.841208429538554,Data splitting,0.5714285714285715
200,0.9,8.441953230585522,Naive,0.6666666666666666
200,1.0,12.620607239387647,MLE,0.37499999999999994
200,1.0,15.727017810967585,Data splitting,0.6666666666666666
200,0.9722222222222222,9.290957956137596,Naive,0.631578947368421
200,0.8409090909090909,12.574219740761038,MLE,0.380952380952381
200,0.8333333333333334,16.61408550284082,Data splitting,0.37499999999999994
200,0.8571428571428571,9.038726985727626,Naive,0.47058823529411764
200,0.8863636363636364,13.015985588634953,MLE,0.47619047619047616
200,0.9375,14.582069291190924,Data splitting,0.28571428571428575
200,1.0,8.377681392026759,Naive,0.5333333333333333
200,0.8333333333333334,12.615472603008037,MLE,0.631578947368421
200,0.9583333333333334,15.824066948385008,Data splitting,0.37499999999999994
200,0.8333333333333334,8.649981514889385,Naive,0.625
200,0.7857142857142857,12.816283484967835,MLE,0.588235294117647
200,0.875,13.429535308675828,Data splitting,0.33333333333333337
200,0.8333333333333334,8.856779248152803,Naive,0.625
200,0.925,12.623931853298552,MLE,0.4000000000000001
200,1.0,15.412365920021402,Data splitting,0.625
200,0.96875,8.898251406405457,Naive,0.7777777777777777
200,0.8636363636363636,12.523873929319704,MLE,0.47619047619047616
200,1.0,16.018197401267184,Data splitting,0.47058823529411764
200,0.95,9.385447304322899,Naive,0.7
200,0.8333333333333334,12.298241169614279,MLE,0.625
200,0.875,15.109553972171714,Data splitting,0.4285714285714285
200,0.9,8.827967137618035,Naive,0.6666666666666666
200,0.9444444444444444,12.597213051042312,MLE,0.5263157894736842
200,0.78125,20.005432448814528,Data splitting,0.6666666666666665
200,0.8333333333333334,9.04719454207688,Naive,0.7499999999999999
200,0.8888888888888888,12.915134374838985,MLE,0.5263157894736842
200,0.9444444444444444,19.342941726295617,Data splitting,0.5263157894736842
200,0.9166666666666666,9.645069480189017,Naive,0.8421052631578948
200,0.8863636363636364,12.679502094428384,MLE,0.5714285714285713
200,0.75,19.318987035636894,Data splitting,0.5333333333333333
200,1.0,9.13859023932771,Naive,0.6666666666666666
200,0.8269230769230769,12.557376181033563,MLE,0.6956521739130435
200,0.85,22.14744401147941,Data splitting,0.8000000000000002
200,0.8055555555555556,9.709169121118189,Naive,0.8421052631578948
200,0.9545454545454546,12.406829877895587,MLE,0.6666666666666666
200,0.9444444444444444,18.766295418274805,Data splitting,0.8421052631578948
200,0.875,9.938437647552558,Naive,0.8000000000000002
200,0.875,13.801635208454536,MLE,0.6363636363636365
200,0.71875,19.554527308183822,Data splitting,0.5555555555555556
200,0.78125,9.840253997757276,Naive,0.6666666666666665
200,0.75,12.368834315048003,MLE,0.6666666666666666
200,1.0,17.095504259316478,Data splitting,0.5
200,0.6666666666666666,9.973632719703973,Naive,0.7368421052631577
200,0.9545454545454546,12.405869957953051,MLE,0.5714285714285713
200,0.59375,19.223637869201735,Data splitting,0.7777777777777777
200,0.8125,9.245799206144333,Naive,0.6666666666666665
200,0.875,12.54267456526073,MLE,0.6
200,0.8333333333333334,17.65243050139659,Data splitting,0.7499999999999999
200,0.825,9.349524193404818,Naive,0.7
200,0.825,12.521865201460566,MLE,0.6
200,0.95,15.85315546163153,Data splitting,0.4
200,0.8333333333333334,9.383902213265607,Naive,0.5263157894736842
200,0.925,12.681351015211751,MLE,0.7
200,0.9166666666666666,17.123721783106305,Data splitting,0.7499999999999999
200,1.0,9.32547150678899,Naive,0.7777777777777777
200,0.9583333333333334,12.697441516977959,MLE,0.6363636363636365
200,0.9444444444444444,19.310206156051223,Data splitting,0.631578947368421
200,0.9166666666666666,9.713907155888311,Naive,0.8421052631578948
200,0.9,12.950728472583183,MLE,0.7
200,0.90625,18.66712921926309,Data splitting,0.5555555555555556
200,0.8571428571428571,9.253817689133218,Naive,0.7058823529411764
200,0.8970588235294118,12.358007845682293,MLE,0.7407407407407407
200,0.9583333333333334,17.95580261802876,Data splitting,0.5
200,0.8888888888888888,9.799645247568462,Naive,0.8421052631578948
200,0.9791666666666666,13.057831289242644,MLE,0.45454545454545453
200,0.8333333333333334,19.340620797413766,Data splitting,0.3157894736842105
200,0.7857142857142857,9.110008013614921,Naive,0.47058823529411764
200,0.875,12.753646441869853,MLE,0.4000000000000001
200,0.9375,14.899489495775168,Data splitting,0.28571428571428575
200,0.7857142857142857,8.928706704674486,Naive,0.3529411764705882
200,0.9230769230769231,12.888795038153274,MLE,0.608695652173913
200,0.9375,15.906169276954405,Data splitting,0.4285714285714285
200,1.0,9.181027119172532,Naive,0.7058823529411764
200,0.8333333333333334,12.104471479312176,MLE,0.7368421052631577
200,0.8333333333333334,17.49781533181046,Data splitting,0.625
200,0.625,9.732394448715796,Naive,0.7777777777777777
200,0.9166666666666666,12.313210209599895,MLE,0.6363636363636365
200,0.8125,19.282548417157894,Data splitting,0.7777777777777777
200,0.825,9.930091649617115,Naive,0.6
200,0.9090909090909091,12.704767375593502,MLE,0.5714285714285713
200,1.0,14.230654882816324,Data splitting,0.30769230769230765
200,0.9,8.412592647416723,Naive,0.4
200,0.9230769230769231,12.760741728270435,MLE,0.4347826086956522
200,0.75,16.209928696261375,Data splitting,0.26666666666666666
200,0.8571428571428571,9.058937434329872,Naive,0.588235294117647
200,0.9038461538461539,13.426190568138312,MLE,0.4347826086956522
200,0.8125,15.656351164432767,Data splitting,0.28571428571428575
200,0.7916666666666666,8.819313774745451,Naive,0.5
200,0.828125,11.926188569171794,MLE,0.7692307692307693
200,0.875,15.50313449457644,Data splitting,0.4285714285714285
200,0.9166666666666666,9.47564505330148,Naive,0.9473684210526316
200,0.8863636363636364,12.504105297687392,MLE,0.5714285714285713
200,0.85,15.285661210413505,Data splitting,0.5333333333333333
200,0.84375,9.408757840258566,Naive,0.6666666666666665
200,0.825,12.213619401274803,MLE,0.6
200,0.7857142857142857,19.276123240301366,Data splitting,0.588235294117647
200,0.7857142857142857,9.401322983993255,Naive,0.7058823529411764
200,0.875,12.740715360669547,MLE,0.6
200,0.9642857142857143,16.5538016565201,Data splitting,0.47058823529411764
200,0.8636363636363636,9.857658065163816,Naive,0.761904761904762
200,0.875,12.899455349577352,MLE,0.5
200,0.675,23.101360361175825,Data splitting,0.5
200,0.8125,9.413387294577962,Naive,0.6666666666666665
200,0.8392857142857143,12.576604829489453,MLE,0.41666666666666663
200,0.875,19.75560401478979,Data splitting,0.4444444444444445
200,0.75,9.878286061843264,Naive,0.5
200,0.9285714285714286,13.092336191516344,MLE,0.5
200,0.9583333333333334,16.09813684878165,Data splitting,0.5
200,0.875,9.011653941377146,Naive,0.625
200,0.9545454545454546,13.17533416842707,MLE,0.47619047619047616
200,0.75,19.49257950738725,Data splitting,0.7368421052631577
200,0.9,9.404563055210762,Naive,0.8000000000000002
200,0.90625,12.729368991249608,MLE,0.4444444444444445
200,0.9375,17.023271218519785,Data splitting,0.5555555555555556
200,0.9166666666666666,8.81313936250797,Naive,0.625
200,0.85,12.319911118873794,MLE,0.6
200,0.7916666666666666,19.15602669432734,Data splitting,0.7499999999999999
200,0.875,9.036438899319092,Naive,0.7499999999999999
200,0.9375,12.675078127011494,MLE,0.7272727272727272
200,1.0,17.88291784526121,Data splitting,0.47058823529411764
200,0.7,9.938613325112753,Naive,0.8000000000000002
200,0.9285714285714286,12.554281546462578,MLE,0.75
200,0.8928571428571429,16.409117848709503,Data splitting,0.47058823529411764
200,0.9090909090909091,9.628477541341699,Naive,0.5714285714285713
200,0.8636363636363636,11.965816546276152,MLE,0.6666666666666666
200,0.8333333333333334,18.686173772094207,Data splitting,0.631578947368421
200,0.7,10.475299379945605,Naive,0.7
200,0.85,12.84761391759518,MLE,0.3
200,1.0,13.909181347300493,Data splitting,0.28571428571428575
200,0.875,8.657170189145122,Naive,0.37499999999999994
200,0.7,12.569852256301612,MLE,0.4000000000000001
200,0.9166666666666666,16.244270177029545,Data splitting,0.37499999999999994
200,0.825,9.698696907432776,Naive,0.6
200,0.8409090909090909,12.958246375744277,MLE,0.5714285714285713
200,0.9166666666666666,16.81273576846344,Data splitting,0.7499999999999999
200,0.8214285714285714,9.18412862658146,Naive,0.7058823529411764
200,0.9375,12.987408207563734,MLE,0.4444444444444445
200,0.875,16.295186734587908,Data splitting,0.5
200,0.7916666666666666,9.06141303909034,Naive,0.7499999999999999
200,0.8611111111111112,12.624002146335153,MLE,0.4210526315789474
200,0.8,15.652223104766458,Data splitting,0.5333333333333333
200,0.8333333333333334,8.812114744451105,Naive,0.7499999999999999
200,0.85,12.919500364481513,MLE,0.56
200,0.9444444444444444,17.909257752577112,Data splitting,0.631578947368421
200,0.925,10.016536798317377,Naive,0.7
200,0.8833333333333333,12.196038692904077,MLE,0.56
200,0.8055555555555556,19.71343305773164,Data splitting,0.631578947368421
200,0.675,10.058308535472422,Naive,0.8000000000000002
200,0.8125,12.361138207775532,MLE,0.6363636363636365
200,0.75,18.80614322545843,Data splitting,0.7058823529411764
200,0.7,9.005068056367257,Naive,0.6666666666666666
200,0.9375,12.747609595980688,MLE,0.5555555555555556
200,1.0,14.507082067621255,Data splitting,0.30769230769230765
200,0.8333333333333334,8.996065906149731,Naive,0.625
200,0.9464285714285714,12.616086176959657,MLE,0.6666666666666666
200,0.9166666666666666,16.8732926687621,Data splitting,0.37499999999999994
200,0.85,9.805772303875871,Naive,0.8000000000000002
200,0.9545454545454546,12.898860164634057,MLE,0.5714285714285713
200,0.95,17.156971853921846,Data splitting,0.6666666666666666
200,0.875,9.228790173894089,Naive,0.5555555555555556
200,0.95,12.6949866037082,MLE,0.6
200,0.9166666666666666,16.65002977035739,Data splitting,0.5
200,0.8888888888888888,9.303404686350376,Naive,0.631578947368421
200,0.9318181818181818,12.7252728107172,MLE,0.380952380952381
200,0.8333333333333334,16.084145338707096,Data splitting,0.15384615384615383
200,0.775,9.457754742619857,Naive,0.6
200,1.0,12.494963621110806,MLE,0.7368421052631577
200,1.0,16.865435816618316,Data splitting,0.47058823529411764
200,0.7777777777777778,9.730259086645951,Naive,0.7368421052631577
200,0.8333333333333334,12.44084053942926,MLE,0.7368421052631577
200,0.75,20.08491640416893,Data splitting,0.625
200,0.8611111111111112,10.05820059892145,Naive,0.8421052631578948
200,0.8125,12.565753631867835,MLE,0.45454545454545453
200,0.925,19.395608331172998,Data splitting,0.6
200,0.825,9.646813649121691,Naive,0.6
200,0.95,12.816150236750172,MLE,0.5
200,0.85,16.57900763931559,Data splitting,0.4
200,0.8333333333333334,9.36465967446259,Naive,0.4210526315789474
200,0.95,12.812163212152923,MLE,0.48
200,0.8571428571428571,17.043220685757877,Data splitting,0.588235294117647
200,0.8863636363636364,9.668244479464848,Naive,0.761904761904762
200,0.8958333333333334,12.789605776556002,MLE,0.5454545454545454
200,0.8928571428571429,16.964935590175056,Data splitting,0.588235294117647
200,0.9,9.440829945648355,Naive,0.7
200,0.9,12.2470661918412,MLE,0.5
200,1.0,16.88152854368489,Data splitting,0.47058823529411764
200,0.6428571428571429,9.109873003869088,Naive,0.588235294117647
200,0.8461538461538461,12.328680800770789,MLE,0.6956521739130435
200,0.9,22.55021571029108,Data splitting,0.8000000000000002
200,0.8611111111111112,10.047247938795573,Naive,0.9473684210526316
200,0.9583333333333334,12.584575352674397,MLE,0.7272727272727272
200,0.8333333333333334,17.78165191008371,Data splitting,0.7499999999999999
200,0.85,10.413431961203674,Naive,0.9
200,0.8,12.981095663128931,MLE,0.5
200,0.7916666666666666,17.7980578299159,Data splitting,0.37499999999999994
200,0.7857142857142857,9.009358220058553,Naive,0.588235294117647
200,0.8888888888888888,12.282894866821453,MLE,0.8421052631578948
200,1.0,14.628666256842902,Data splitting,0.5714285714285715
200,0.875,8.791667717911157,Naive,0.7499999999999999
200,0.875,12.59849738633504,MLE,0.45454545454545453
200,0.9722222222222222,17.807818319328746,Data splitting,0.5263157894736842
200,0.9318181818181818,9.881055415435494,Naive,0.5714285714285713
200,0.9166666666666666,13.144875487794634,MLE,0.5454545454545454
200,0.9,16.042847545961813,Data splitting,0.4
200,0.95,9.398823298009114,Naive,0.8000000000000002
200,0.8958333333333334,13.372755514698717,MLE,0.6363636363636365
200,0.9375,17.855562595132348,Data splitting,0.5555555555555556
200,0.84375,9.149077142765027,Naive,0.6666666666666665
200,0.875,13.116881219410732,MLE,0.5
200,0.9090909090909091,20.19761975906471,Data splitting,0.8571428571428572
200,0.9444444444444444,9.408056558584182,Naive,0.631578947368421
200,0.9166666666666666,12.654859006304367,MLE,0.8421052631578948
200,0.9375,15.257072198621833,Data splitting,0.4285714285714285
200,0.8571428571428571,9.262830461425597,Naive,0.7058823529411764
200,0.9375,12.593669113530227,MLE,0.5555555555555556
200,0.75,15.407059270402765,Data splitting,0.5714285714285715
200,0.9285714285714286,9.15581846845849,Naive,0.8235294117647058
200,0.8636363636363636,13.091936782583993,MLE,0.47619047619047616
200,1.0,14.48584570237849,Data splitting,0.4615384615384615
200,0.8928571428571429,8.895168708250043,Naive,0.7058823529411764
200,0.9722222222222222,12.855546237608149,MLE,0.4210526315789474
200,0.8125,16.064176315220344,Data splitting,0.4285714285714285
200,0.9375,9.13354143858869,Naive,0.5555555555555556
200,0.8214285714285714,12.865223252445086,MLE,0.588235294117647
200,0.8,16.294126537501903,Data splitting,0.5333333333333333
200,0.9,8.564751966072784,Naive,0.6666666666666666
200,0.875,12.66959399829153,MLE,0.75
200,0.875,19.934828334703898,Data splitting,0.6666666666666665
200,0.9642857142857143,9.461549999094164,Naive,0.8235294117647058
200,0.9375,12.858451082368711,MLE,0.45454545454545453
200,0.9375,15.387899886714207,Data splitting,0.5714285714285715
200,0.9,8.43118658696186,Naive,0.5333333333333333
200,0.9444444444444444,12.813664335181905,MLE,0.631578947368421
200,1.0,15.742775955278654,Data splitting,0.5333333333333333
200,1.0,8.625747928789563,Naive,0.6666666666666666
200,0.9107142857142857,12.716671456804931,MLE,0.5833333333333334
200,0.5416666666666666,18.85388853983825,Data splitting,0.37499999999999994
200,0.8125,9.373033848368031,Naive,0.5555555555555556
200,0.9090909090909091,12.864936924718139,MLE,0.5714285714285713
200,0.8,16.4690954685797,Data splitting,0.4
200,0.75,8.808629535149437,Naive,0.5333333333333333
200,0.9583333333333334,13.023618512817473,MLE,0.3636363636363636
200,0.8571428571428571,17.64746453430942,Data splitting,0.7058823529411764
200,0.875,8.84219945943176,Naive,0.625
200,0.8666666666666667,12.932475724269288,MLE,0.7200000000000001
200,0.7,27.322323350523515,Data splitting,0.3
200,0.8958333333333334,10.806424690721508,Naive,0.7272727272727272
200,0.9444444444444444,12.826960229626657,MLE,0.5263157894736842
200,1.0,14.004055346551906,Data splitting,0.4615384615384615
200,0.875,9.108306748369028,Naive,0.6666666666666665
200,0.925,12.47760741810065,MLE,0.6
200,0.9166666666666666,17.268742946095934,Data splitting,0.5
200,0.7857142857142857,9.147903080158633,Naive,0.588235294117647
200,0.9166666666666666,12.95128015208769,MLE,0.625
200,0.8333333333333334,18.869461442905028,Data splitting,0.4210526315789474
200,0.9285714285714286,8.87504357796003,Naive,0.588235294117647
200,0.9285714285714286,12.409146579272917,MLE,0.588235294117647
200,0.8,21.427399829584402,Data splitting,0.6
200,0.75,9.804361246222689,Naive,0.5555555555555556
200,0.9166666666666666,12.642579033184859,MLE,0.5263157894736842
200,0.8928571428571429,17.554183065550347,Data splitting,0.7058823529411764
200,0.8611111111111112,9.5843615698355,Naive,0.7368421052631577
200,0.9444444444444444,12.204629594092628,MLE,0.5263157894736842
200,0.9,19.233665811464483,Data splitting,0.6
200,0.8888888888888888,9.64464369214318,Naive,0.631578947368421
200,0.9166666666666666,12.774147412819975,MLE,0.631578947368421
200,1.0,13.561718636283864,Data splitting,0.30769230769230765
200,0.8333333333333334,8.787137737632639,Naive,0.625
200,0.95,12.98410969295745,MLE,0.64
200,1.0,16.877775388782663,Data splitting,0.625
200,0.8333333333333334,9.353095597932917,Naive,0.7368421052631577
200,0.8611111111111112,12.59034447049887,MLE,0.7368421052631577
200,0.85,22.39821648266077,Data splitting,0.5
200,0.875,9.7622875482426,Naive,0.7
200,0.8833333333333333,13.115232765326889,MLE,0.64
200,0.8055555555555556,20.827734980699375,Data splitting,0.5263157894736842
200,0.8846153846153846,10.607260119834505,Naive,0.608695652173913
200,0.9,12.728128133526688,MLE,0.6
200,0.875,16.250479011849734,Data splitting,0.625
200,0.8333333333333334,8.883046056574727,Naive,0.625
200,0.9375,12.704498317678581,MLE,0.4285714285714285
200,0.8125,15.500429358747096,Data splitting,0.5714285714285715
200,0.85,8.675293019069722,Naive,0.6666666666666666
200,0.75,12.941340462394555,MLE,0.5263157894736842
200,0.8928571428571429,17.96531279268016,Data splitting,0.7058823529411764
200,0.84375,9.519367826159414,Naive,0.6666666666666665
200,0.8333333333333334,12.626287639774674,MLE,0.3636363636363636
200,1.0,16.19385550643076,Data splitting,0.25
200,0.875,9.041158122008492,Naive,0.4444444444444445
200,0.8833333333333333,12.348048798234663,MLE,0.4
200,0.8125,17.543172598775264,Data splitting,0.5555555555555556
200,0.8611111111111112,9.48700603312236,Naive,0.631578947368421
200,0.925,12.770229568915378,MLE,0.5
200,0.7142857142857143,17.39798180579651,Data splitting,0.23529411764705882
200,0.9375,9.185610190974735,Naive,0.6666666666666665
200,0.7727272727272727,13.318147912605843,MLE,0.5714285714285713
200,1.0,14.22466667533827,Data splitting,0.30769230769230765
200,0.75,8.196591901233628,Naive,0.4285714285714285
200,0.890625,12.935853359283904,MLE,0.4615384615384615
200,0.9583333333333334,16.552341722823428,Data splitting,0.25
200,0.8888888888888888,9.390900124573974,Naive,0.5263157894736842
200,1.0,12.866711748673685,MLE,0.47058823529411764
200,0.9166666666666666,13.688404987936629,Data splitting,0.30769230769230765
200,0.8333333333333334,8.565365981568041,Naive,0.5
200,0.95,12.846960460017067,MLE,0.5
200,0.8333333333333334,17.8763648080142,Data splitting,0.5
200,0.9,8.941502804398576,Naive,0.6666666666666666
200,0.9318181818181818,12.736115545421375,MLE,0.6666666666666666
200,1.0,18.09943480364161,Data splitting,0.6666666666666665
200,0.8,9.868514586480348,Naive,0.7
200,0.95,12.397519924617296,MLE,0.5333333333333333
200,0.95,15.939949368436086,Data splitting,0.5333333333333333
200,0.7777777777777778,9.287297647421527,Naive,0.7368421052631577
200,0.8529411764705882,13.094263214608223,MLE,0.4444444444444445
200,0.8,23.745969636749077,Data splitting,0.5
200,0.7884615384615384,10.691373935966366,Naive,0.5217391304347826
200,0.9038461538461539,12.6607180425054,MLE,0.4347826086956522
200,0.9166666666666666,16.028652330971358,Data splitting,0.25
200,0.7083333333333334,8.675494370421527,Naive,0.25
200,0.975,12.756291344495933,MLE,0.5
200,1.0,14.095127511764977,Data splitting,0.15384615384615383
200,0.7857142857142857,8.874315438957554,Naive,0.588235294117647
200,0.8846153846153846,12.812718134579226,MLE,0.4347826086956522
200,0.7857142857142857,17.806668491051024,Data splitting,0.47058823529411764
200,0.8928571428571429,8.927212564206469,Naive,0.47058823529411764
200,0.9791666666666666,12.905525053181913,MLE,0.5454545454545454
200,0.875,16.083013601496514,Data splitting,0.625
200,0.8,8.48600319211275,Naive,0.6666666666666666
200,0.9772727272727273,13.018767809668493,MLE,0.47619047619047616
200,0.8214285714285714,17.508654963025922,Data splitting,0.7058823529411764
200,0.875,9.395157528615453,Naive,0.6666666666666665
200,0.9333333333333333,12.60616667516037,MLE,0.48
200,0.725,24.168544692156416,Data splitting,0.5
200,0.8611111111111112,9.716978270306434,Naive,0.631578947368421
200,0.8636363636363636,12.545039041792103,MLE,0.5714285714285713
200,1.0,14.786390621523358,Data splitting,0.4285714285714285
200,0.9285714285714286,8.980763300936008,Naive,0.588235294117647
200,0.8653846153846154,12.32595841918594,MLE,0.608695652173913
200,0.8125,18.220404279487173,Data splitting,0.6666666666666665
200,0.71875,9.397847880153432,Naive,0.5555555555555556
200,0.7833333333333333,12.121887274290762,MLE,0.64
200,0.875,24.497449032292156,Data splitting,0.6363636363636365
200,0.8125,10.34308211774512,Naive,0.5454545454545454
200,0.9230769230769231,12.655336323141196,MLE,0.6956521739130435
200,0.7083333333333334,19.015372909801595,Data splitting,0.5
200,0.96875,9.23221330864913,Naive,0.888888888888889
200,0.9230769230769231,12.956541885233172,MLE,0.5217391304347826
200,0.875,19.088502615402675,Data splitting,0.5555555555555556
200,0.8409090909090909,9.917204893700047,Naive,0.6666666666666666
200,0.9285714285714286,12.936421427745715,MLE,0.6666666666666666
200,0.8,15.770228570567557,Data splitting,0.5333333333333333
200,0.96875,9.216239667372381,Naive,0.7777777777777777
200,0.8,12.396593497328146,MLE,0.7
200,1.0,15.278695627597568,Data splitting,0.5714285714285715
200,0.875,8.484217667514713,Naive,0.5714285714285715
200,0.975,12.605725872311051,MLE,0.6
200,1.0,15.617737588124314,Data splitting,0.26666666666666666
200,0.8928571428571429,9.093553080203673,Naive,0.588235294117647
200,0.9318181818181818,12.472636711665574,MLE,0.47619047619047616
200,1.0,16.392549157294503,Data splitting,0.47058823529411764
200,0.6875,9.313952007513777,Naive,0.5555555555555556
200,0.925,12.47628940421846,MLE,0.5
200,0.9375,19.421941269080722,Data splitting,0.5555555555555556
200,0.8125,9.698282894317504,Naive,0.5555555555555556
200,0.9166666666666666,12.983131128907633,MLE,0.631578947368421
200,0.875,18.467417224569143,Data splitting,0.33333333333333326
200,0.8125,9.551334784348835,Naive,0.6666666666666665
200,0.95,12.885946454515764,MLE,0.5
200,0.7857142857142857,18.758506708781475,Data splitting,0.3529411764705882
200,0.8928571428571429,9.155339383976992,Naive,0.588235294117647
200,0.8035714285714286,13.056424449445345,MLE,0.5
200,0.625,17.627947562500793,Data splitting,0.5
200,0.78125,9.623860569852992,Naive,0.6666666666666665
200,0.7272727272727273,12.864167168003222,MLE,0.6666666666666666
200,0.9,19.504542454773073,Data splitting,0.5
200,0.6923076923076923,10.664166342866373,Naive,0.7826086956521738
200,0.925,12.969495882911534,MLE,0.5
200,0.8333333333333334,15.854252376017433,Data splitting,0.37499999999999994
200,0.8333333333333334,8.457915801539796,Naive,0.625
200,0.8461538461538461,12.750031131397138,MLE,0.608695652173913
200,0.9583333333333334,16.152318601124538,Data splitting,0.625
200,0.875,8.677442570615023,Naive,0.625
200,0.9583333333333334,12.587695679115468,MLE,0.45454545454545453
200,0.9,15.60841094458784,Data splitting,0.4
200,0.8571428571428571,9.134674606399582,Naive,0.588235294117647
300,0.8333333333333334,12.490924259309878,MLE,0.56
300,0.8333333333333334,19.397172460858343,Data splitting,0.5263157894736842
300,0.84375,9.546217726982974,Naive,0.6666666666666665
300,0.8392857142857143,13.14218325162613,MLE,0.6666666666666666
300,0.71875,22.505424962958195,Data splitting,0.6666666666666665
300,0.8333333333333334,9.985159032524528,Naive,0.7368421052631577
300,0.9107142857142857,12.305969564198863,MLE,0.5833333333333334
300,0.7692307692307693,28.01063820223241,Data splitting,0.6956521739130435
300,0.7307692307692307,11.04676911881172,Naive,0.6956521739130435
300,0.9090909090909091,12.71029659410891,MLE,0.6666666666666666
300,0.6666666666666666,18.56360703647732,Data splitting,0.5
300,0.85,9.483886398252325,Naive,0.7
300,0.8636363636363636,13.000158978218591,MLE,0.47619047619047616
300,0.7272727272727273,24.86601090156176,Data splitting,0.380952380952381
300,0.875,9.1834532116894,Naive,0.5555555555555556
300,0.875,12.276955460458485,MLE,0.5384615384615384
300,0.9,15.74883395503274,Data splitting,0.5333333333333333
300,0.8611111111111112,9.456863324313284,Naive,0.7368421052631577
300,0.85,12.911287797877334,MLE,0.56
300,0.85,20.905145613204876,Data splitting,0.6
300,0.8636363636363636,10.193573506409505,Naive,0.6666666666666666
300,0.9107142857142857,12.531879638796726,MLE,0.5833333333333334
300,0.775,24.117983890927388,Data splitting,0.6
300,0.7777777777777778,9.937893403632016,Naive,0.7368421052631577
300,0.90625,12.508492768568367,MLE,0.33333333333333326
300,0.7916666666666666,17.144584859517213,Data splitting,0.5
300,0.85,8.586622791948033,Naive,0.4
300,0.95,12.40232248207183,MLE,0.4000000000000001
300,1.0,15.17725139305144,Data splitting,0.13333333333333333
300,0.9285714285714286,8.839240540056794,Naive,0.3529411764705882
300,0.875,12.20131575299402,MLE,0.6666666666666666
300,0.9375,17.35753755233709,Data splitting,0.6666666666666665
300,0.9444444444444444,9.640580151505128,Naive,0.8421052631578948
300,0.9166666666666666,12.618804888110972,MLE,0.5454545454545454
300,0.875,17.211289248103828,Data splitting,0.5
300,0.7083333333333334,8.938986622910551,Naive,0.625
300,0.8958333333333334,12.591741570302874,MLE,0.5454545454545454
300,0.875,13.133116982210488,Data splitting,0.33333333333333337
300,0.8333333333333334,8.859478336598881,Naive,0.7499999999999999
300,0.8181818181818182,12.308017422544669,MLE,0.6666666666666666
300,0.9375,18.356812580291724,Data splitting,0.5555555555555556
300,0.7727272727272727,10.402437345819466,Naive,0.761904761904762
300,0.8214285714285714,12.2027109691105,MLE,0.5
300,0.875,16.66936250689976,Data splitting,0.625
300,0.775,9.942831646176026,Naive,0.7
300,0.925,12.312993684040281,MLE,0.5
300,0.75,20.437155057317522,Data splitting,0.47058823529411764
300,0.8,9.937030286299114,Naive,0.5
300,0.9772727272727273,13.007884291157119,MLE,0.5714285714285713
300,0.85,20.323602761885134,Data splitting,0.4000000000000001
300,0.90625,9.86934991830487,Naive,0.6666666666666665
300,0.8863636363636364,12.834381310967723,MLE,0.6666666666666666
300,0.75,15.935107244857454,Data splitting,0.5333333333333333
300,0.6875,9.116300187381409,Naive,0.5555555555555556
300,0.875,12.96480300721274,MLE,0.5
300,0.7857142857142857,17.98721809070396,Data splitting,0.588235294117647
300,0.7142857142857143,9.08933021111292,Naive,0.588235294117647
300,0.8833333333333333,12.688956283102117,MLE,0.4
300,0.84375,20.478436122685103,Data splitting,0.6666666666666665
300,0.7777777777777778,9.6212891180366,Naive,0.631578947368421
300,0.8863636363636364,12.722459401229601,MLE,0.5714285714285713
300,0.625,18.092400870498427,Data splitting,0.37499999999999994
300,0.8333333333333334,9.569667053824368,Naive,0.7368421052631577
300,0.8125,12.850028554264851,MLE,0.5384615384615384
300,0.75,18.348042200904644,Data splitting,0.6666666666666665
300,0.6785714285714286,9.083848044846478,Naive,0.588235294117647
300,0.8035714285714286,12.476728228971481,MLE,0.41666666666666663
300,0.8928571428571429,17.005536204438606,Data splitting,0.47058823529411764
300,0.9375,9.33445386815404,Naive,0.4444444444444445
300,0.8928571428571429,12.500604378070737,MLE,0.5833333333333334
300,0.8214285714285714,16.22712251276494,Data splitting,0.47058823529411764
300,0.9166666666666666,9.373301948312182,Naive,0.7368421052631577
300,0.9285714285714286,12.355022585324011,MLE,0.5833333333333334
300,1.0,14.023812683954963,Data splitting,0.30769230769230765
300,0.8888888888888888,9.543647906237133,Naive,0.7368421052631577
300,0.8392857142857143,13.014966829397,MLE,0.5
300,0.9,15.917466404596308,Data splitting,0.5333333333333333
300,0.90625,9.307073788242436,Naive,0.6666666666666665
300,0.8269230769230769,12.797430130514355,MLE,0.5217391304347826
300,0.8928571428571429,17.385934008255262,Data splitting,0.3529411764705882
300,0.8333333333333334,8.626937264638492,Naive,0.7499999999999999
300,0.925,12.708405776445407,MLE,0.5
300,1.0,14.583965661506756,Data splitting,0.28571428571428575
300,0.875,9.227239144892128,Naive,0.4444444444444445
300,0.75,12.409267516044899,MLE,0.5454545454545454
300,1.0,16.246533411038403,Data splitting,0.4
300,0.65,9.740308137300293,Naive,0.6
300,0.85,13.121400953416165,MLE,0.4000000000000001
300,0.9285714285714286,16.158120526571725,Data splitting,0.23529411764705882
300,0.9166666666666666,8.428084860788518,Naive,0.37499999999999994
300,0.9,13.012937499258538,MLE,0.48
300,0.8333333333333334,22.41863467059055,Data splitting,0.631578947368421
300,0.8888888888888888,10.524959040783317,Naive,0.7368421052631577
300,0.9038461538461539,12.489485130271333,MLE,0.5217391304347826
300,0.85,16.67589164795782,Data splitting,0.5333333333333333
300,0.8333333333333334,9.393217033956875,Naive,0.631578947368421
300,0.96875,12.747637617277505,MLE,0.5555555555555556
300,0.71875,18.924583326830763,Data splitting,0.6666666666666665
300,0.8333333333333334,9.790719831484772,Naive,0.631578947368421
300,0.75,12.43611016838726,MLE,0.5
300,0.75,19.373640473611072,Data splitting,0.588235294117647
300,0.6590909090909091,10.208326434790878,Naive,0.6666666666666666
300,0.9545454545454546,13.059528559742235,MLE,0.28571428571428564
300,1.0,14.973775511577363,Data splitting,0.4
300,0.9285714285714286,8.953539481822327,Naive,0.588235294117647
300,0.8035714285714286,13.13053999532555,MLE,0.5
300,0.6944444444444444,22.832781039987477,Data splitting,0.5263157894736842
300,0.775,9.961601123824266,Naive,0.7
300,0.9375,12.56137395160105,MLE,0.4285714285714285
300,0.9166666666666666,14.209609565134711,Data splitting,0.4615384615384615
300,0.95,8.292707109279096,Naive,0.4
300,0.825,12.32887581514997,MLE,0.7
300,0.8928571428571429,18.093860850270215,Data splitting,0.588235294117647
300,0.8333333333333334,9.283558839762522,Naive,0.625
300,0.8409090909090909,12.614961411084359,MLE,0.6666666666666666
300,0.8,16.198698865919148,Data splitting,0.5333333333333333
300,0.7222222222222222,9.658626668676463,Naive,0.7368421052631577
300,0.85,12.79333739753307,MLE,0.4
300,0.9583333333333334,16.620091121971384,Data splitting,0.25
300,0.90625,9.190020599684278,Naive,0.6666666666666665
300,0.875,12.786195016888264,MLE,0.3636363636363636
300,0.9,15.416848880554934,Data splitting,0.26666666666666666
300,0.8611111111111112,9.064182788435007,Naive,0.4210526315789474
300,0.8472222222222222,13.232658917019556,MLE,0.42857142857142855
300,0.8928571428571429,16.577951296795057,Data splitting,0.47058823529411764
300,0.975,9.703344040691698,Naive,0.5
300,0.8636363636363636,12.6672863889229,MLE,0.380952380952381
300,0.9,16.947652643991084,Data splitting,0.4
300,0.9,8.58884478051854,Naive,0.5333333333333333
300,0.8181818181818182,12.541591130353568,MLE,0.6666666666666666
300,0.8333333333333334,18.50721998688667,Data splitting,0.625
300,0.9166666666666666,10.475204870311929,Naive,0.6363636363636365
300,0.8392857142857143,12.859497486317414,MLE,0.6666666666666666
300,0.9166666666666666,18.280804943446874,Data splitting,0.5263157894736842
300,0.8333333333333334,10.032450849139643,Naive,0.7272727272727272
300,0.85,12.395117783502984,MLE,0.64
300,0.85,15.404260450844381,Data splitting,0.5333333333333333
300,0.85,9.687313022902213,Naive,0.4000000000000001
300,0.9423076923076923,12.702158880649925,MLE,0.5217391304347826
300,1.0,15.968697096855768,Data splitting,0.5333333333333333
300,0.8181818181818182,10.050674447031373,Naive,0.6666666666666666
300,0.8,12.232300133376148,MLE,0.56
300,0.9583333333333334,16.032022582755218,Data splitting,0.625
300,0.7727272727272727,10.029336899967667,Naive,0.6666666666666666
300,0.8888888888888888,12.503524250952593,MLE,0.631578947368421
300,0.9166666666666666,17.600283280521996,Data splitting,0.37499999999999994
300,0.9642857142857143,9.353187652015269,Naive,0.7058823529411764
300,0.9230769230769231,12.483694511908007,MLE,0.5217391304347826
300,0.95,15.62065603535359,Data splitting,0.4
300,0.8,9.504109301087226,Naive,0.7
300,0.8653846153846154,12.891817028262437,MLE,0.5217391304347826
300,0.8541666666666666,23.21516380470185,Data splitting,0.7272727272727272
300,0.875,11.02047469661297,Naive,0.6363636363636365
300,0.9,12.40353789804235,MLE,0.6
300,0.8571428571428571,17.828451527206422,Data splitting,0.588235294117647
300,0.8125,9.309071786093181,Naive,0.5555555555555556
300,0.9375,12.4204763817492,MLE,0.4444444444444445
300,1.0,15.523467951776604,Data splitting,0.4285714285714285
300,0.8214285714285714,9.151784121662391,Naive,0.588235294117647
300,0.8653846153846154,12.41091525223668,MLE,0.608695652173913
300,0.9090909090909091,20.270127797144088,Data splitting,0.6666666666666666
300,0.9545454545454546,9.61804761730911,Naive,0.761904761904762
300,0.8333333333333334,12.360937498732747,MLE,0.45454545454545453
300,1.0,16.261585701718282,Data splitting,0.4
300,0.7916666666666666,9.097956290725396,Naive,0.5
300,0.9,12.831281790172673,MLE,0.7
300,0.875,15.346984845459488,Data splitting,0.4285714285714285
300,0.8611111111111112,9.469749390714554,Naive,0.631578947368421
300,0.9230769230769231,12.46532235707211,MLE,0.6956521739130435
300,0.8214285714285714,18.764120083548725,Data splitting,0.47058823529411764
300,1.0,8.92208777035461,Naive,0.7499999999999999
300,0.8958333333333334,12.591614531930139,MLE,0.45454545454545453
300,0.8611111111111112,19.98179034737619,Data splitting,0.5263157894736842
300,0.6944444444444444,9.788357824524027,Naive,0.631578947368421
300,0.9090909090909091,12.56096112861771,MLE,0.761904761904762
300,0.7777777777777778,18.9075365224462,Data splitting,0.5263157894736842
300,0.7916666666666666,8.6833156591357,Naive,0.625
300,1.0,12.582123354517515,MLE,0.631578947368421
300,0.875,12.433438545308878,Data splitting,0.33333333333333337
300,0.875,8.565613694540888,Naive,0.5
300,0.8125,12.670556301245803,MLE,0.5454545454545454
300,0.8888888888888888,18.62222005918121,Data splitting,0.5263157894736842
300,0.75,8.962134367041584,Naive,0.7499999999999999
300,0.8461538461538461,12.666488300350052,MLE,0.34782608695652173
300,0.95,14.830755258053918,Data splitting,0.4
300,0.8,8.365094847503716,Naive,0.4
300,0.9318181818181818,13.078606187820526,MLE,0.5714285714285713
300,0.90625,19.270606413076955,Data splitting,0.5555555555555556
300,0.925,9.972815377086036,Naive,0.7
300,0.8653846153846154,12.771315604685952,MLE,0.34782608695652173
300,1.0,13.580644522395282,Data splitting,0.33333333333333337
300,0.85,8.775903642200237,Naive,0.6666666666666666
300,1.0,12.79072243166221,MLE,0.4210526315789474
300,0.7916666666666666,15.952286466161013,Data splitting,0.37499999999999994
300,0.875,9.144200596409007,Naive,0.6666666666666665
300,0.8125,12.506077820214193,MLE,0.6363636363636365
300,0.95,15.494110243199236,Data splitting,0.5333333333333333
300,0.7272727272727273,10.116273261350196,Naive,0.761904761904762
300,0.875,12.75326546287606,MLE,0.6666666666666665
300,1.0,16.163655185073715,Data splitting,0.5333333333333333
300,0.7916666666666666,8.982654779681864,Naive,0.625
300,0.734375,12.767757450370205,MLE,0.6153846153846154
300,0.9285714285714286,16.90051666363092,Data splitting,0.47058823529411764
300,0.9,9.617969118886913,Naive,0.7
300,0.9318181818181818,12.373014124599132,MLE,0.5714285714285713
300,0.6666666666666666,15.535182720666997,Data splitting,0.4615384615384615
300,0.9,9.019060688519694,Naive,0.6666666666666666
300,0.85,12.718167001283314,MLE,0.7200000000000001
300,0.7,23.212257017170337,Data splitting,0.7
300,0.90625,9.684504436105748,Naive,0.7777777777777777
300,0.9,12.50619828689515,MLE,0.48
300,0.84375,19.626705707578203,Data splitting,0.4444444444444445
300,0.8181818181818182,10.06861022963419,Naive,0.6666666666666666
300,0.8833333333333333,12.855877862576055,MLE,0.48
300,0.8571428571428571,17.253958585713015,Data splitting,0.47058823529411764
300,0.8928571428571429,9.0182200002624,Naive,0.588235294117647
300,0.9583333333333334,12.95342836461333,MLE,0.45454545454545453
300,0.8863636363636364,21.378030807052212,Data splitting,0.380952380952381
300,0.875,9.76998723073953,Naive,0.6
300,0.825,12.906546114523275,MLE,0.6
300,0.75,16.89036117949951,Data splitting,0.4
300,0.8333333333333334,8.018760524103337,Naive,0.4615384615384615
300,0.9285714285714286,12.438902456145973,MLE,0.47058823529411764
300,0.95,16.87397378047813,Data splitting,0.6666666666666666
300,0.625,9.784709403683124,Naive,0.7777777777777777
300,0.875,12.9217730793073,MLE,0.5
300,0.8,20.673521009990974,Data splitting,0.6
300,0.8928571428571429,9.153624274229344,Naive,0.8235294117647058
300,0.9545454545454546,12.454813345551388,MLE,0.5714285714285713
300,0.85,22.19888730018457,Data splitting,0.7
300,0.84375,9.56160576158765,Naive,0.7777777777777777
300,0.9423076923076923,12.657183306351847,MLE,0.5217391304347826
300,0.875,17.02618328124643,Data splitting,0.5
300,0.875,8.874854963402866,Naive,0.5
300,0.925,12.840329599145514,MLE,0.7
300,0.75,16.57777344928008,Data splitting,0.5333333333333333
300,0.8333333333333334,9.003082324038727,Naive,0.7499999999999999
300,0.875,12.675992867545148,MLE,0.5
300,1.0,17.423887672287837,Data splitting,0.625
300,0.875,9.560983606616407,Naive,0.6666666666666665
300,0.8,12.441401071011192,MLE,0.7
300,0.8055555555555556,19.64664969162017,Data splitting,0.631578947368421
300,0.9375,9.496915869726294,Naive,0.7777777777777777
300,0.921875,12.540474177945963,MLE,0.5384615384615384
300,0.8125,18.177923025195142,Data splitting,0.5555555555555556
300,0.875,9.71460825758353,Naive,0.6
300,0.7727272727272727,12.061080503223225,MLE,0.5714285714285713
300,0.7916666666666666,17.8830839012719,Data splitting,0.625
300,0.875,9.974891317800566,Naive,0.7
300,0.9038461538461539,12.703792690101505,MLE,0.6956521739130435
300,0.8333333333333334,19.78036189261657,Data splitting,0.8421052631578948
300,0.8611111111111112,9.698022686972596,Naive,0.8421052631578948
300,0.9583333333333334,12.782900398789705,MLE,0.5
300,1.0,15.596017983259973,Data splitting,0.4
300,0.95,8.634065981379258,Naive,0.5333333333333333
300,0.95,12.372831153698161,MLE,0.5
300,0.8125,22.66727331322376,Data splitting,0.5555555555555556
300,0.8125,9.760607538028832,Naive,0.6666666666666665
300,0.9375,13.08456080409971,MLE,0.45454545454545453
300,0.875,14.057536344478711,Data splitting,0.28571428571428575
300,0.9166666666666666,8.551707533748585,Naive,0.5
300,0.8636363636363636,12.86579668254451,MLE,0.47619047619047616
300,0.8611111111111112,20.140228763556934,Data splitting,0.5263157894736842
300,0.9,9.707833269700936,Naive,0.5
300,0.875,12.961307641283598,MLE,0.6363636363636365
300,0.9090909090909091,25.255201441191208,Data splitting,0.5714285714285713
300,0.75,11.229789234755412,Naive,0.7368421052631577
300,0.8958333333333334,12.312237712824194,MLE,0.7272727272727272
300,0.95,16.043279171767278,Data splitting,0.6666666666666666
300,0.725,10.265887749040575,Naive,0.8000000000000002
300,0.9615384615384616,12.639193508713431,MLE,0.2608695652173913
300,1.0,19.30909056025557,Data splitting,0.4444444444444445
300,0.8214285714285714,9.722739710264294,Naive,0.47058823529411764
300,0.8846153846153846,12.608906958435963,MLE,0.608695652173913
300,0.9166666666666666,16.758670347798418,Data splitting,0.625
300,0.8333333333333334,9.674515463979974,Naive,0.631578947368421
300,0.8928571428571429,12.29894100997801,MLE,0.5833333333333334
300,0.90625,17.419723089426903,Data splitting,0.4444444444444445
300,0.8125,9.480467809329946,Naive,0.6666666666666665
300,0.8181818181818182,12.316662479015086,MLE,0.6666666666666666
300,0.7916666666666666,18.437708971602273,Data splitting,0.625
300,0.75,9.029778637105311,Naive,0.625
300,0.8269230769230769,12.506267891753932,MLE,0.608695652173913
300,0.75,18.990833696320788,Data splitting,0.47058823529411764
300,0.8214285714285714,9.2988879211118,Naive,0.588235294117647
300,0.9038461538461539,13.015647989334981,MLE,0.34782608695652173
300,0.9285714285714286,18.85393849381413,Data splitting,0.47058823529411764
300,0.8125,9.37546221606695,Naive,0.4444444444444445
300,0.9038461538461539,12.698936876378863,MLE,0.6956521739130435
300,0.96875,18.423943813007277,Data splitting,0.5555555555555556
300,0.8888888888888888,9.544269744067925,Naive,0.7368421052631577
300,0.8863636363636364,12.938363881848625,MLE,0.380952380952381
300,0.7857142857142857,18.073198766272025,Data splitting,0.47058823529411764
300,0.75,9.46565458555351,Naive,0.588235294117647
300,0.9230769230769231,13.034021557884959,MLE,0.2608695652173913
300,0.625,15.39220539877951,Data splitting,0.4285714285714285
300,0.8,8.212866804142635,Naive,0.5333333333333333
300,0.8125,12.448943181751083,MLE,0.6363636363636365
300,1.0,16.390738055311278,Data splitting,0.625
300,0.78125,9.96637981967461,Naive,0.6666666666666665
300,0.9090909090909091,12.406051605161826,MLE,0.5714285714285713
300,0.625,15.832544840783964,Data splitting,0.4285714285714285
300,0.9166666666666666,9.255045894308807,Naive,0.625
300,0.8888888888888888,12.79720481607191,MLE,0.5263157894736842
300,0.9285714285714286,18.05182808711978,Data splitting,0.7058823529411764
300,0.75,9.641183421181983,Naive,0.631578947368421
300,0.9333333333333333,12.628540538433523,MLE,0.4
300,0.9375,17.949584565384907,Data splitting,0.5555555555555556
300,0.8125,9.587762175018153,Naive,0.6666666666666665
300,1.0,12.620927670594607,MLE,0.6
300,0.9,16.389483237886687,Data splitting,0.5333333333333333
300,0.8928571428571429,9.376032981759684,Naive,0.7058823529411764
300,0.7833333333333333,12.560946971946818,MLE,0.56
300,0.9285714285714286,18.89002154615941,Data splitting,0.7058823529411764
300,0.8928571428571429,9.26081270630115,Naive,0.7058823529411764
300,0.9583333333333334,12.523502035860114,MLE,0.37499999999999994
300,0.8928571428571429,17.65432842557289,Data splitting,0.47058823529411764
300,0.9166666666666666,8.894066761362836,Naive,0.625
300,0.9583333333333334,12.354643676432142,MLE,0.5454545454545454
300,0.8928571428571429,18.256518937801786,Data splitting,0.588235294117647
300,0.8333333333333334,9.759218067985268,Naive,0.631578947368421
300,0.8888888888888888,12.299100698081961,MLE,0.631578947368421
300,0.875,15.17941672262661,Data splitting,0.5714285714285715
300,0.7857142857142857,9.268918543881227,Naive,0.7058823529411764
300,0.8333333333333334,12.45813941208613,MLE,0.64
300,0.84375,18.053416296776785,Data splitting,0.5555555555555556
300,0.8333333333333334,10.441005252662112,Naive,0.6363636363636365
300,0.8375,12.672268096243211,MLE,0.6
300,0.8333333333333334,26.386866183670104,Data splitting,0.8181818181818182
300,0.6818181818181818,10.639605286319169,Naive,0.761904761904762
300,0.9117647058823529,12.616326959126265,MLE,0.6666666666666667
300,0.8214285714285714,18.180837920678773,Data splitting,0.588235294117647
300,0.8611111111111112,9.556383211942169,Naive,0.631578947368421
300,0.8541666666666666,12.318858285331574,MLE,0.5454545454545454
300,0.6666666666666666,18.15932078466454,Data splitting,0.5
300,0.75,9.798922281687267,Naive,0.588235294117647
300,0.925,12.905779265473864,MLE,0.4000000000000001
300,0.9444444444444444,17.592228151315876,Data splitting,0.3157894736842105
300,0.875,8.717651163785009,Naive,0.625
300,0.8676470588235294,12.954587062408718,MLE,0.37037037037037035
300,0.85,15.259971443746357,Data splitting,0.5333333333333333
300,0.84375,8.89799945635739,Naive,0.5555555555555556
300,0.9166666666666666,12.479048703255222,MLE,0.45454545454545453
300,0.65,16.502426999190327,Data splitting,0.5333333333333333
300,0.8928571428571429,8.928508328224261,Naive,0.588235294117647
300,0.9166666666666666,12.365737853639628,MLE,0.5263157894736842
300,0.9285714285714286,17.268630084194594,Data splitting,0.7058823529411764
300,0.8125,9.556662619976521,Naive,0.7777777777777777
300,0.8833333333333333,12.681510181154064,MLE,0.48
300,0.9285714285714286,17.923424787222743,Data splitting,0.588235294117647
300,0.9583333333333334,9.002636483265972,Naive,0.7499999999999999
300,0.85,12.820273740400035,MLE,0.6
300,0.9375,20.93583176375271,Data splitting,0.7777777777777777
300,0.75,10.332935837466584,Naive,0.7777777777777777
300,0.7777777777777778,12.629632496680918,MLE,0.5263157894736842
300,0.8125,16.055797331118065,Data splitting,0.28571428571428575
300,0.875,9.449123425452377,Naive,0.5555555555555556
300,0.9,12.861030879185796,MLE,0.56
300,0.9,20.88747748520573,Data splitting,0.5
300,0.8958333333333334,10.172333597945316,Naive,0.7272727272727272
300,0.9375,12.486763926446676,MLE,0.45454545454545453
300,0.9375,15.018451237742946,Data splitting,0.4285714285714285
300,0.9375,9.309052443395121,Naive,0.6666666666666665
300,0.9090909090909091,12.411173450969564,MLE,0.47619047619047616
300,0.825,21.27625377011035,Data splitting,0.6
300,0.84375,9.195869626471506,Naive,0.6666666666666665
300,0.859375,12.908043703777201,MLE,0.4615384615384615
300,0.9375,18.020115849375372,Data splitting,0.33333333333333326
300,0.875,9.338951330788241,Naive,0.5555555555555556
300,0.875,12.353178506660623,MLE,0.5
300,0.75,17.607104168843765,Data splitting,0.625
300,0.78125,9.324414435830626,Naive,0.7777777777777777
300,0.8,12.428395467109352,MLE,0.5
300,0.9166666666666666,13.865661796675704,Data splitting,0.30769230769230765
300,0.8928571428571429,9.02956896463954,Naive,0.588235294117647
300,0.8269230769230769,12.487996301255944,MLE,0.4347826086956522
300,0.9375,14.82002631968697,Data splitting,0.5714285714285715
300,0.7708333333333334,9.984882483569036,Naive,0.6363636363636365
300,0.9791666666666666,12.7344500369961,MLE,0.5454545454545454
300,0.8125,17.618572337267167,Data splitting,0.6666666666666665
300,0.9166666666666666,9.270529715098103,Naive,0.631578947368421
300,0.9318181818181818,12.971272359567797,MLE,0.380952380952381
300,0.9375,17.08370267636046,Data splitting,0.5555555555555556
300,0.75,8.644234274326186,Naive,0.5
300,0.975,12.598428205683371,MLE,0.8000000000000002
300,0.9285714285714286,17.40203009232143,Data splitting,0.47058823529411764
300,0.8333333333333334,9.4589090675371,Naive,0.7368421052631577
300,0.8409090909090909,12.812909457608072,MLE,0.6666666666666666
300,1.0,15.916679601412888,Data splitting,0.5
300,0.9375,9.193881461769328,Naive,0.6666666666666665
300,0.8269230769230769,12.124696674311583,MLE,0.7826086956521738
300,0.8214285714285714,18.806179317890948,Data splitting,0.3529411764705882
300,0.6875,10.449950405718534,Naive,0.7272727272727272
300,0.7777777777777778,12.253863644739235,MLE,0.6428571428571429
300,0.825,22.72458623520302,Data splitting,0.9
300,0.75,11.134962812015617,Naive,0.7826086956521738
300,0.9722222222222222,12.77059060718134,MLE,0.631578947368421
300,0.9583333333333334,16.136565862586426,Data splitting,0.7499999999999999
300,0.8571428571428571,9.060303837068146,Naive,0.7058823529411764
300,0.9166666666666666,12.992873785285946,MLE,0.5454545454545454
300,0.8125,15.703753308220126,Data splitting,0.4285714285714285
300,0.8333333333333334,7.797714763503496,Naive,0.30769230769230765
300,0.725,12.929771371234375,MLE,0.4000000000000001
300,0.9166666666666666,16.37209250120206,Data splitting,0.37499999999999994
300,0.8333333333333334,9.373291791546825,Naive,0.5263157894736842
300,0.8055555555555556,12.197153624066381,MLE,0.8421052631578948
300,1.0,15.763203054216925,Data splitting,0.3529411764705882
300,0.8333333333333334,9.690764973766107,Naive,0.7368421052631577
300,0.8863636363636364,12.755916696669301,MLE,0.5714285714285713
300,0.9375,14.556671403387295,Data splitting,0.28571428571428575
300,0.8076923076923077,10.32842694869625,Naive,0.7826086956521738
300,0.6973684210526315,12.33712437017395,MLE,0.5517241379310345
300,0.7272727272727273,28.855118103349,Data splitting,0.6666666666666666
300,0.7727272727272727,10.89062795318232,Naive,0.6666666666666666
300,0.95,12.951660835334904,MLE,0.56
300,0.9,16.99797649176192,Data splitting,0.6666666666666666
300,0.9,8.8928023496611,Naive,0.5333333333333333
300,1.0,13.002411338325683,MLE,0.5
300,0.6428571428571429,17.936801360327202,Data splitting,0.3529411764705882
300,0.8333333333333334,9.326257107447862,Naive,0.5263157894736842
300,0.7954545454545454,12.52715054461459,MLE,0.761904761904762
300,0.8611111111111112,19.660969523539634,Data splitting,0.5263157894736842
300,0.8055555555555556,9.860804310560615,Naive,0.7368421052631577
300,0.8333333333333334,12.755973416035408,MLE,0.631578947368421
300,0.8928571428571429,18.08169859472215,Data splitting,0.3529411764705882
300,0.71875,9.494406831005959,Naive,0.6666666666666665
300,0.8653846153846154,12.789795638540376,MLE,0.4347826086956522
300,0.95,14.935295764963291,Data splitting,0.6666666666666666
300,0.90625,8.929156016238414,Naive,0.5555555555555556
300,0.8571428571428571,12.98515849668591,MLE,0.5833333333333334
300,0.7916666666666666,16.560807412510666,Data splitting,0.625
300,0.9285714285714286,9.21734036661886,Naive,0.8235294117647058
300,0.7613636363636364,12.62152534884686,MLE,0.5000000000000001
300,0.9318181818181818,23.023077551934794,Data splitting,0.8571428571428572
300,0.7954545454545454,10.186670320844065,Naive,0.761904761904762
300,0.9,12.520180141356262,MLE,0.6
300,0.8214285714285714,19.956335291305603,Data splitting,0.47058823529411764
300,0.75,9.994638458269185,Naive,0.631578947368421
300,0.8833333333333333,12.737116344511099,MLE,0.56
300,0.9166666666666666,14.72309360916435,Data splitting,0.30769230769230765
300,0.825,9.78595406969824,Naive,0.5
300,0.8958333333333334,12.854251378441267,MLE,0.3636363636363636
300,0.875,14.667586484984657,Data splitting,0.4285714285714285
300,0.84375,9.236147714893718,Naive,0.6666666666666665
300,0.8846153846153846,12.9319838347031,MLE,0.34782608695652173
300,0.7857142857142857,18.517340161613184,Data splitting,0.588235294117647
300,0.875,9.31198197793796,Naive,0.4444444444444445
300,0.8269230769230769,12.859956108354424,MLE,0.5217391304347826
300,0.8333333333333334,19.348026155767812,Data splitting,0.4210526315789474
300,0.9583333333333334,8.95147038501008,Naive,0.625
300,0.8333333333333334,12.543925555169436,MLE,0.8181818181818182
300,0.825,20.93539061744331,Data splitting,0.7
300,0.6964285714285714,10.79534571636559,Naive,0.75
300,0.925,12.217328230883357,MLE,0.6
300,0.84375,18.619859766784124,Data splitting,0.6666666666666665
300,0.85,9.908867477825954,Naive,0.8000000000000002
300,0.9038461538461539,12.09405715398723,MLE,0.7826086956521738
300,0.9375,16.15321387420836,Data splitting,0.5714285714285715
300,0.9166666666666666,9.20655650733824,Naive,0.7499999999999999
300,0.7857142857142857,13.066684996979149,MLE,0.47058823529411764
300,0.5,15.21729837327714,Data splitting,0.30769230769230765
300,0.875,8.508959426239675,Naive,0.37499999999999994
300,0.825,12.481868518012428,MLE,0.6
300,0.875,18.513831252418942,Data splitting,0.5555555555555556
300,0.9,9.553122786083584,Naive,0.8000000000000002
300,0.8,12.2824721073288,MLE,0.5
300,1.0,17.876467783101354,Data splitting,0.588235294117647
300,0.8928571428571429,9.544445951664924,Naive,0.8235294117647058
300,0.8888888888888888,13.024184780405673,MLE,0.3157894736842105
300,0.9375,15.137701983267421,Data splitting,0.4285714285714285
300,0.9166666666666666,8.756132043398035,Naive,0.625
300,0.9375,12.849493208875591,MLE,0.3636363636363636
300,0.9583333333333334,15.741897814206512,Data splitting,0.5
300,0.875,8.713332454643814,Naive,0.625
300,0.8076923076923077,12.579682916414574,MLE,0.34782608695652173
300,0.9166666666666666,17.65258336508064,Data splitting,0.5
300,0.8125,9.33692788685748,Naive,0.5555555555555556
300,0.8666666666666667,12.786978790415457,MLE,0.4
300,0.6875,18.416275159520787,Data splitting,0.4444444444444445
300,0.8928571428571429,9.11340514945597,Naive,0.3529411764705882
300,0.796875,12.268978936644373,MLE,0.5384615384615384
300,1.0,19.47901871332685,Data splitting,0.7777777777777777
300,0.75,9.950124597826305,Naive,0.888888888888889
300,0.90625,13.133024507996561,MLE,0.4615384615384615
300,0.8181818181818182,19.930708951248192,Data splitting,0.6666666666666666
300,0.9166666666666666,9.981629783614538,Naive,0.7272727272727272
300,0.8125,12.704305862901714,MLE,0.6363636363636365
300,0.9166666666666666,17.579173897424482,Data splitting,0.5263157894736842
300,0.9090909090909091,9.490237546923973,Naive,0.8571428571428572
300,0.9107142857142857,12.684365743500914,MLE,0.41666666666666663
300,0.8928571428571429,17.90119207368929,Data splitting,0.47058823529411764
300,0.8055555555555556,9.540962522524902,Naive,0.4210526315789474
300,0.75,12.610471703121426,MLE,0.6666666666666665
300,0.875,12.722614564696132,Data splitting,0.16666666666666669
300,0.59375,8.96444953716803,Naive,0.5555555555555556
300,0.875,12.578661059471733,MLE,0.625
300,0.8333333333333334,19.34368862843167,Data splitting,0.7368421052631577
300,0.8611111111111112,9.486622120438106,Naive,0.631578947368421
300,0.9285714285714286,12.581019715720629,MLE,0.41666666666666663
300,0.8928571428571429,16.49651704427063,Data splitting,0.47058823529411764
300,0.8214285714285714,9.005870193427098,Naive,0.588235294117647
300,0.9230769230769231,12.519145257101902,MLE,0.4347826086956522
300,0.9583333333333334,16.75786794736703,Data splitting,0.5
300,0.75,9.564506636899939,Naive,0.5555555555555556
300,0.9545454545454546,12.871797334016902,MLE,0.47619047619047616
300,0.875,17.21102176432736,Data splitting,0.5
300,0.90625,9.453940982089659,Naive,0.888888888888889
300,0.9166666666666666,12.599268243807922,MLE,0.5454545454545454
300,0.875,19.522555868761806,Data splitting,0.4444444444444445
300,0.8333333333333334,9.721648473262382,Naive,0.5263157894736842
300,0.8676470588235294,12.457185176401348,MLE,0.5925925925925927
300,0.775,21.46788999293097,Data splitting,0.6
300,0.85,9.70860140588513,Naive,0.8000000000000002
300,0.8269230769230769,12.669178088836775,MLE,0.4347826086956522
300,0.8888888888888888,19.87070723209923,Data splitting,0.631578947368421
300,0.7857142857142857,9.012711104915715,Naive,0.47058823529411764
300,0.925,12.464421193276971,MLE,0.6
300,0.75,20.112235391017567,Data splitting,0.47058823529411764
300,0.7916666666666666,8.91968020640425,Naive,0.7499999999999999
300,0.9166666666666666,12.627799802191575,MLE,0.45454545454545453
300,0.9,15.140614247264594,Data splitting,0.5333333333333333
300,0.7857142857142857,9.034252312801767,Naive,0.588235294117647
300,0.890625,12.88294046173786,MLE,0.5384615384615384
300,0.9545454545454546,20.991084952919056,Data splitting,0.28571428571428564
300,0.8863636363636364,10.03125951708079,Naive,0.5714285714285713
300,0.9333333333333333,12.762182368695479,MLE,0.56
300,0.8125,19.865071083731223,Data splitting,0.5555555555555556
300,0.9166666666666666,9.465181156797158,Naive,0.7368421052631577
300,0.7857142857142857,12.384431613243772,MLE,0.3529411764705882
300,0.9166666666666666,13.403987173630627,Data splitting,0.30769230769230765
300,0.8125,8.453549648569131,Naive,0.5714285714285715
300,0.9038461538461539,12.815203059152667,MLE,0.34782608695652173
300,0.9583333333333334,16.243127488160056,Data splitting,0.5
300,0.9375,8.492294688046709,Naive,0.5714285714285715
300,0.8636363636363636,12.219197206457443,MLE,0.6666666666666666
300,0.7916666666666666,18.00172875229421,Data splitting,0.7499999999999999
300,0.6666666666666666,9.24189261843087,Naive,0.7499999999999999
300,0.9,12.695118857357588,MLE,0.5
300,0.875,17.73439235651438,Data splitting,0.5
300,0.8928571428571429,9.362571893983784,Naive,0.7058823529411764
300,0.8888888888888888,12.661203940022709,MLE,0.4210526315789474
300,1.0,15.15815312686598,Data splitting,0.14285714285714288
300,0.8125,8.141306477649103,Naive,0.28571428571428575
300,0.9318181818181818,12.929430330560235,MLE,0.47619047619047616
300,0.9285714285714286,16.02818262978761,Data splitting,0.588235294117647
300,0.9,8.388872792221534,Naive,0.5333333333333333
300,0.975,12.708627575568645,MLE,0.6
300,0.8214285714285714,17.799695490980824,Data splitting,0.588235294117647
300,0.8928571428571429,9.222919294912002,Naive,0.588235294117647
300,0.85,12.690646105637667,MLE,0.4000000000000001
300,0.9583333333333334,16.339877633717986,Data splitting,0.25
300,0.8214285714285714,9.10445111910774,Naive,0.47058823529411764
300,0.90625,12.29376760984906,MLE,0.6923076923076923
300,1.0,16.970210025558668,Data splitting,0.625
300,0.8888888888888888,9.529773510179393,Naive,0.7368421052631577
300,0.9090909090909091,12.947689089092982,MLE,0.5714285714285713
300,0.7142857142857143,19.200188224684233,Data splitting,0.7058823529411764
300,0.8928571428571429,9.198860677796416,Naive,0.7058823529411764
300,0.9583333333333334,12.684522896277516,MLE,0.6363636363636365
300,0.84375,17.57339408207614,Data splitting,0.5555555555555556
300,0.875,8.738190850330708,Naive,0.625
300,0.8636363636363636,12.663969467830215,MLE,0.47619047619047616
300,0.9285714285714286,16.714864397300456,Data splitting,0.588235294117647
300,0.85,9.597871219705713,Naive,0.5
300,0.9375,12.647199098025602,MLE,0.5454545454545454
300,0.7857142857142857,17.426306664042396,Data splitting,0.3529411764705882
300,0.9285714285714286,8.816657570926447,Naive,0.7058823529411764
300,0.6590909090909091,12.381129859553761,MLE,0.5000000000000001
300,0.8333333333333334,22.642865611602645,Data splitting,0.7272727272727272
300,0.8,9.908693761456698,Naive,0.7
300,0.8571428571428571,12.882925260680043,MLE,0.5833333333333334
300,0.875,16.824300165586397,Data splitting,0.5
300,0.8928571428571429,8.685374022679714,Naive,0.47058823529411764
300,0.9375,12.532223167494143,MLE,0.45454545454545453
300,0.9,15.070380673606902,Data splitting,0.26666666666666666
300,0.78125,9.216229459169387,Naive,0.4444444444444445
300,0.8571428571428571,12.36187019056574,MLE,0.3333333333333333
300,0.825,21.41805372534855,Data splitting,0.4000000000000001
300,0.75,9.151933081943081,Naive,0.7058823529411764
300,0.7857142857142857,12.370587113732253,MLE,0.6666666666666666
300,0.725,21.33746941438056,Data splitting,0.9
300,0.8214285714285714,9.315703991116015,Naive,0.7058823529411764
300,0.7307692307692307,12.512997696054992,MLE,0.5217391304347826
300,0.625,15.270339366485782,Data splitting,0.4285714285714285
300,0.625,8.924656663510746,Naive,0.625
300,0.8653846153846154,12.614361622448712,MLE,0.4347826086956522
300,0.9375,17.31732566715217,Data splitting,0.4444444444444445
300,0.85,8.835585420457708,Naive,0.6666666666666666
300,0.9558823529411765,12.863047508708151,MLE,0.5925925925925927
300,0.75,15.97332181107948,Data splitting,0.5
300,0.8055555555555556,9.242306549533911,Naive,0.631578947368421
300,0.9375,12.994290664729368,MLE,0.45454545454545453
300,0.7777777777777778,22.669506007464932,Data splitting,0.631578947368421
300,0.8333333333333334,9.920261726693093,Naive,0.7368421052631577
300,0.9166666666666666,12.745068596189306,MLE,0.4210526315789474
300,1.0,15.5866262689423,Data splitting,0.4
300,0.75,8.627177275470938,Naive,0.5333333333333333
300,0.7857142857142857,12.345245007320669,MLE,0.41666666666666663
300,0.8571428571428571,17.891579891988805,Data splitting,0.3529411764705882
300,0.725,9.829837589028882,Naive,0.5
300,0.8823529411764706,12.40610144645259,MLE,0.5185185185185185
300,0.8269230769230769,23.82571971370536,Data splitting,0.4347826086956522
300,0.7916666666666666,12.246090060327962,Naive,0.6428571428571429
300,0.9038461538461539,12.53432198559098,MLE,0.6956521739130435
300,0.95,15.73404899656679,Data splitting,0.5333333333333333
300,0.9,8.750647232344862,Naive,0.6666666666666666
300,0.8166666666666667,13.109257163911138,MLE,0.48
300,0.8055555555555556,19.731620498826043,Data splitting,0.5263157894736842
300,0.9642857142857143,9.421671683968968,Naive,0.7058823529411764
300,0.9464285714285714,13.099465809168805,MLE,0.3333333333333333
300,0.96875,16.83420571891233,Data splitting,0.33333333333333326
300,0.8571428571428571,8.839925437410523,Naive,0.47058823529411764
300,0.875,12.51162989472476,MLE,0.5384615384615384
300,0.78125,20.73483068955926,Data splitting,0.6666666666666665
300,0.75,10.085503128843621,Naive,0.7
300,0.875,12.944644129162612,MLE,0.5384615384615384
300,0.8214285714285714,18.929448727233304,Data splitting,0.588235294117647
300,0.8333333333333334,9.522272721377032,Naive,0.7368421052631577
300,0.9318181818181818,12.633189691436645,MLE,0.47619047619047616
300,0.9166666666666666,16.76997658683558,Data splitting,0.625
300,0.9,8.628271296051373,Naive,0.5333333333333333
300,0.9375,12.520540621445098,MLE,0.5454545454545454
300,1.0,17.396639301356785,Data splitting,0.5555555555555556
300,0.875,9.001240110968325,Naive,0.7499999999999999
300,0.9166666666666666,12.350759718303145,MLE,0.4210526315789474
300,0.9,15.701379659875759,Data splitting,0.4
300,0.9285714285714286,8.900748358512796,Naive,0.588235294117647
300,0.9,13.042592868998932,MLE,0.48
300,0.95,16.519863002732244,Data splitting,0.6666666666666666
300,0.8,8.717603038070216,Naive,0.6666666666666666
300,0.9583333333333334,12.547357639829821,MLE,0.6363636363636365
300,0.7857142857142857,18.157436376023856,Data splitting,0.588235294117647
300,0.8125,9.504517214020472,Naive,0.6666666666666665
300,1.0,12.499101882793575,MLE,0.625
300,0.7916666666666666,16.8924222937048,Data splitting,0.625
300,0.7916666666666666,9.129577610845208,Naive,0.625
300,0.9722222222222222,12.719176651230427,MLE,0.631578947368421
300,0.9166666666666666,15.945037020555782,Data splitting,0.7499999999999999
300,0.9722222222222222,9.498322475825924,Naive,0.9473684210526316
300,0.8421052631578947,12.811167413448782,MLE,0.5517241379310345
300,0.8888888888888888,19.020381848334562,Data splitting,0.5263157894736842
300,0.8611111111111112,9.443940951960737,Naive,0.5263157894736842
300,0.85,12.99254893312742,MLE,0.4666666666666667
300,0.8055555555555556,24.26279901640337,Data splitting,0.7368421052631577
300,0.8928571428571429,9.333029916844152,Naive,0.7058823529411764
300,0.8194444444444444,12.45613293238884,MLE,0.5714285714285714
300,0.78125,19.94107824991219,Data splitting,0.6666666666666665
300,0.7777777777777778,9.863914875327547,Naive,0.8421052631578948
300,0.9166666666666666,12.768011876025035,MLE,0.48
300,0.9375,17.374356156306668,Data splitting,0.5555555555555556
300,0.95,9.692965441211346,Naive,0.7
300,0.95,12.638264609161544,MLE,0.7
300,0.875,17.836867454937256,Data splitting,0.5555555555555556
300,0.9583333333333334,8.76365426372786,Naive,0.7499999999999999
300,0.95,12.697083699726779,MLE,0.6
300,0.875,17.466158522904596,Data splitting,0.5
300,0.8333333333333334,8.99915517039311,Naive,0.37499999999999994
300,0.8676470588235294,13.027492250430695,MLE,0.5925925925925927
300,0.9375,17.355235944141647,Data splitting,0.5555555555555556
300,0.9166666666666666,9.691226238950108,Naive,0.631578947368421
300,0.84375,12.885249518000919,MLE,0.4615384615384615
300,0.75,15.228865138137522,Data splitting,0.28571428571428575
300,1.0,8.389630707485068,Naive,0.5714285714285715
300,0.9318181818181818,12.946113020658343,MLE,0.5714285714285713
300,0.85,22.32817669380057,Data splitting,0.6
300,0.8333333333333334,10.31998886631983,Naive,0.6363636363636365
300,0.881578947368421,13.131523132508168,MLE,0.5517241379310345
300,0.8181818181818182,23.14063198002518,Data splitting,0.5714285714285713
300,0.875,10.265818564998115,Naive,0.7272727272727272
300,0.9375,13.006690281454402,MLE,0.3636363636363636
300,0.75,15.44281030090568,Data splitting,0.28571428571428575
300,0.8571428571428571,8.940005002226455,Naive,0.588235294117647
300,0.8611111111111112,12.349315075814257,MLE,0.631578947368421
300,0.7916666666666666,17.383465647036697,Data splitting,0.5
300,0.7916666666666666,8.868875778178717,Naive,0.625
300,0.9318181818181818,13.030178176105686,MLE,0.47619047619047616
300,0.9166666666666666,17.397132773536836,Data splitting,0.37499999999999994
300,0.9583333333333334,8.839759647604156,Naive,0.625
300,0.84375,12.642583472365299,MLE,0.5384615384615384
300,0.8125,15.969311220196369,Data splitting,0.4285714285714285
300,0.7777777777777778,9.868300389395095,Naive,0.631578947368421
300,0.9615384615384616,12.388800427309816,MLE,0.608695652173913
300,0.8214285714285714,18.567667282111604,Data splitting,0.588235294117647
300,0.7142857142857143,9.47647029614782,Naive,0.588235294117647
300,0.85,12.683926562490756,MLE,0.6
300,0.8333333333333334,18.623430512320883,Data splitting,0.625
300,0.9285714285714286,9.656862620915954,Naive,0.8235294117647058
300,0.90625,12.202438341421548,MLE,0.7777777777777777
300,0.75,20.32176636638691,Data splitting,0.631578947368421
300,0.8888888888888888,9.855381697867925,Naive,0.8421052631578948
300,0.9444444444444444,12.59304698320349,MLE,0.5263157894736842
300,0.875,15.02209702230061,Data splitting,0.5714285714285715
300,0.8125,9.265320362575071,Naive,0.7777777777777777
300,0.8571428571428571,12.69053587047246,MLE,0.5
300,1.0,14.552108622789302,Data splitting,0.28571428571428575
300,0.8055555555555556,9.426377718818035,Naive,0.7368421052631577
300,0.9230769230769231,12.57660189352467,MLE,0.4347826086956522
300,0.8214285714285714,18.055927424233975,Data splitting,0.47058823529411764
300,0.84375,9.317133392457839,Naive,0.4444444444444445
300,0.8541666666666666,13.254584216836987,MLE,0.5454545454545454
300,0.9285714285714286,18.348330923678457,Data splitting,0.588235294117647
300,0.9642857142857143,9.433780480365643,Naive,0.8235294117647058
300,0.8,12.992823484577757,MLE,0.64
300,0.9166666666666666,21.340622701780266,Data splitting,0.631578947368421
300,0.85,9.910640718741902,Naive,0.7
300,0.9545454545454546,12.773878765822372,MLE,0.380952380952381
300,0.95,15.660316082512129,Data splitting,0.26666666666666666
300,0.875,8.476377594241443,Naive,0.5
300,0.9230769230769231,12.691998062223474,MLE,0.5217391304347826
300,0.65,25.036502409830756,Data splitting,0.6
300,0.8636363636363636,10.163542967234607,Naive,0.6666666666666666
300,0.8958333333333334,12.790137400071977,MLE,0.3636363636363636
300,0.85,16.125867543742988,Data splitting,0.13333333333333333
300,0.75,9.423097414839644,Naive,0.5263157894736842
300,0.9038461538461539,12.67919785684521,MLE,0.5217391304347826
300,0.8928571428571429,17.43753001388273,Data splitting,0.7058823529411764
300,0.84375,9.307329739623759,Naive,0.7777777777777777
300,0.8088235294117647,12.300833890040646,MLE,0.5185185185185185
300,0.8611111111111112,17.985032499120727,Data splitting,0.3157894736842105
300,0.8409090909090909,9.739530625874858,Naive,0.5714285714285713
300,0.8541666666666666,12.782207295941381,MLE,0.5454545454545454
300,1.0,14.359922722755831,Data splitting,0.18181818181818182
300,0.9,8.566464651696858,Naive,0.6666666666666666
300,0.975,12.543442758034981,MLE,0.7
300,0.8076923076923077,27.85981292049268,Data splitting,0.7826086956521738
300,0.90625,9.562666990862056,Naive,0.7777777777777777
300,0.8846153846153846,12.540972565787893,MLE,0.608695652173913
300,0.95,15.797954869240566,Data splitting,0.4
300,0.9444444444444444,9.359594835133073,Naive,0.631578947368421
300,0.9107142857142857,13.155952111677118,MLE,0.3333333333333333
300,0.875,14.98224898400228,Data splitting,0.14285714285714288
300,0.95,8.360145491814194,Naive,0.5333333333333333
300,0.8333333333333334,12.739180880740804,MLE,0.48
300,0.8928571428571429,17.384466663558943,Data splitting,0.47058823529411764
300,0.6666666666666666,9.563048018896978,Naive,0.631578947368421
300,0.9375,12.700671995607765,MLE,0.5555555555555556
300,0.85,15.751358982023769,Data splitting,0.5333333333333333
300,0.875,9.044689649313296,Naive,0.7499999999999999
300,0.8571428571428571,13.050783754151155,MLE,0.41666666666666663
300,0.7142857142857143,18.389643305280572,Data splitting,0.47058823529411764
300,0.825,10.04301998502306,Naive,0.5
300,0.9318181818181818,12.417926274146915,MLE,0.6666666666666666
300,0.9166666666666666,16.666075453353375,Data splitting,0.7499999999999999
300,0.7142857142857143,9.400763824980341,Naive,0.8235294117647058
300,0.8461538461538461,12.630322340197477,MLE,0.5217391304347826
300,0.8125,15.409860075889885,Data splitting,0.4285714285714285
300,0.75,8.851991374525198,Naive,0.625
300,0.875,12.762190334199492,MLE,0.4000000000000001
300,0.8888888888888888,18.05722936973208,Data splitting,0.4210526315789474
300,0.8333333333333334,8.652148448921771,Naive,0.5
300,0.9038461538461539,12.856669645163272,MLE,0.608695652173913
300,0.9583333333333334,16.48246947989829,Data splitting,0.5
300,0.8333333333333334,9.773315260751637,Naive,0.7368421052631577
300,0.6785714285714286,12.535173725552287,MLE,0.8235294117647058
300,0.75,18.003805941029906,Data splitting,0.7499999999999999
300,0.6666666666666666,9.33186089674707,Naive,0.7499999999999999
300,0.8928571428571429,13.018125904257692,MLE,0.588235294117647
300,0.9166666666666666,15.081746576854522,Data splitting,0.4615384615384615
300,1.0,8.538531301703408,Naive,0.5714285714285715
300,0.9545454545454546,12.842132861064657,MLE,0.761904761904762
300,0.7916666666666666,18.111915460901038,Data splitting,0.37499999999999994
300,0.8055555555555556,9.826689137776674,Naive,0.631578947368421
300,0.8125,12.501641444902367,MLE,0.6363636363636365
300,0.85,16.838137587662796,Data splitting,0.4
300,0.71875,9.670809644204073,Naive,0.7777777777777777
300,0.875,12.54109949414294,MLE,0.5714285714285714
300,0.8125,14.696848030441043,Data splitting,0.28571428571428575
300,0.9583333333333334,8.86545663912321,Naive,0.7499999999999999
300,0.8863636363636364,12.73536990912465,MLE,0.5714285714285713
300,0.9166666666666666,16.738289149012022,Data splitting,0.625
300,0.96875,9.250600284734272,Naive,0.7777777777777777
300,0.7692307692307693,13.030611591680941,MLE,0.34782608695652173
300,0.7777777777777778,18.524009097348458,Data splitting,0.4210526315789474
300,0.75,9.359809777222347,Naive,0.631578947368421
300,0.9772727272727273,12.628748371157194,MLE,0.47619047619047616
300,0.9166666666666666,15.967018043590045,Data splitting,0.5
300,0.9583333333333334,8.732570278045298,Naive,0.625
300,0.9166666666666666,12.883710313477058,MLE,0.6363636363636365
300,0.8928571428571429,17.686521813770696,Data splitting,0.588235294117647
300,0.8958333333333334,10.562067398213658,Naive,0.8181818181818182
300,0.975,12.816217185044087,MLE,0.6
300,0.8611111111111112,20.766771317140748,Data splitting,0.5263157894736842
300,0.90625,9.291164427624143,Naive,0.5555555555555556
300,0.9722222222222222,12.743522259472586,MLE,0.5263157894736842
300,0.8214285714285714,17.915407887320878,Data splitting,0.47058823529411764
300,0.8928571428571429,9.061673768829678,Naive,0.588235294117647
300,0.8928571428571429,12.777138992638298,MLE,0.588235294117647
300,0.85,16.023948579832506,Data splitting,0.5333333333333333
300,0.7142857142857143,9.109075729556876,Naive,0.588235294117647
300,0.9166666666666666,13.146214760972972,MLE,0.4210526315789474
300,0.7857142857142857,17.55227822969372,Data splitting,0.588235294117647
300,0.95,8.46051987291762,Naive,0.6666666666666666
300,0.9264705882352942,12.449766353276917,MLE,0.5925925925925927
300,1.0,15.255826898901823,Data splitting,0.4285714285714285
300,0.9642857142857143,9.13581090528264,Naive,0.7058823529411764
300,0.8611111111111112,12.855984821333722,MLE,0.4210526315789474
300,0.8571428571428571,16.903578193344433,Data splitting,0.588235294117647
300,0.78125,9.250333493152866,Naive,0.6666666666666665
300,0.9230769230769231,12.826812880878974,MLE,0.6956521739130435
300,0.875,26.524974716941806,Data splitting,0.75
300,0.875,10.53814267885849,Naive,0.7272727272727272
300,0.9285714285714286,12.682857124105604,MLE,0.41666666666666663
300,0.8928571428571429,17.651683003500562,Data splitting,0.47058823529411764
300,0.8,9.824240805117688,Naive,0.5
300,0.85,12.48901174993927,MLE,0.56
300,0.8125,15.642743036306182,Data splitting,0.4285714285714285
300,0.85,9.579387511988674,Naive,0.5
300,0.9038461538461539,12.793658245728496,MLE,0.5217391304347826
300,0.7272727272727273,28.186901659348322,Data splitting,0.6666666666666666
300,0.8055555555555556,10.31389382120225,Naive,0.8421052631578948
300,0.7954545454545454,12.222772235397036,MLE,0.6666666666666666
300,0.85,15.655115137541594,Data splitting,0.5333333333333333
300,0.6666666666666666,8.950168819999336,Naive,0.625
300,0.8461538461538461,12.665023277071883,MLE,0.4347826086956522
300,0.9166666666666666,16.19696492742966,Data splitting,0.5
300,0.8333333333333334,8.936043754959979,Naive,0.625
300,0.828125,12.302354422392018,MLE,0.6923076923076923
300,0.8,22.95434373615573,Data splitting,0.6
300,0.825,10.134654766208403,Naive,0.7
300,0.875,12.596120584896477,MLE,0.5454545454545454
300,0.875,17.977599228493602,Data splitting,0.6666666666666665
300,0.8571428571428571,9.241890448086926,Naive,0.588235294117647
300,0.8571428571428571,12.695792909882057,MLE,0.6666666666666666
300,0.8333333333333334,21.699245557597376,Data splitting,0.8421052631578948
300,0.8333333333333334,10.285116777036992,Naive,0.7272727272727272
300,0.8409090909090909,12.573047115902096,MLE,0.6666666666666666
300,0.8611111111111112,20.103768661801837,Data splitting,0.4210526315789474
300,0.8333333333333334,9.003958674867615,Naive,0.5
300,0.875,12.898417027835105,MLE,0.41666666666666663
300,0.875,16.825807457175593,Data splitting,0.33333333333333326
300,0.9285714285714286,8.703707208406959,Naive,0.47058823529411764
300,0.8529411764705882,12.407466291932776,MLE,0.5185185185185185
300,0.8888888888888888,19.29542322069719,Data splitting,0.4210526315789474
300,0.875,9.629508591858283,Naive,0.6
300,0.7105263157894737,12.594544996805627,MLE,0.5517241379310345
300,0.9375,17.434701189685626,Data splitting,0.4444444444444445
300,0.8333333333333334,9.485467521383823,Naive,0.5263157894736842
300,0.9318181818181818,13.036262754530908,MLE,0.6666666666666666
300,0.975,19.478010797750095,Data splitting,0.5
300,0.7954545454545454,10.328103977529317,Naive,0.6666666666666666
300,0.9807692307692307,13.013193930936428,MLE,0.4347826086956522
300,1.0,12.78181332619977,Data splitting,0.16666666666666669
300,0.9583333333333334,8.624270164250492,Naive,0.37499999999999994
300,0.9583333333333334,12.635255272849918,MLE,0.7272727272727272
300,0.95,21.81621526486381,Data splitting,0.8000000000000002
300,0.875,10.83220028296578,Naive,0.9090909090909091
300,0.9166666666666666,12.524400200520025,MLE,0.5
300,0.875,15.396366867279756,Data splitting,0.4285714285714285
300,0.8333333333333334,8.921802663707249,Naive,0.625
300,0.875,12.493937355857266,MLE,0.5833333333333334
300,0.75,17.148144875258602,Data splitting,0.47058823529411764
300,0.71875,9.38885639623426,Naive,0.6666666666666665
300,0.9807692307692307,12.592667729649555,MLE,0.608695652173913
300,0.84375,18.225257010445198,Data splitting,0.4444444444444445
300,0.9444444444444444,9.171946039889944,Naive,0.631578947368421
300,0.9166666666666666,12.834255015190507,MLE,0.37499999999999994
300,0.95,15.848814297625523,Data splitting,0.5333333333333333
300,0.85,8.862584325595659,Naive,0.5333333333333333
300,0.859375,12.642238856956457,MLE,0.6153846153846154
300,0.75,23.343975567119376,Data splitting,0.6666666666666666
300,0.8541666666666666,10.695347070116327,Naive,0.8181818181818182
300,0.9,12.367996564376536,MLE,0.7
300,0.875,19.276653697730723,Data splitting,0.7777777777777777
300,0.8125,9.48545518424223,Naive,0.7777777777777777
300,0.8653846153846154,13.042486541781624,MLE,0.4347826086956522
300,0.8214285714285714,17.539834477489475,Data splitting,0.7058823529411764
300,0.775,9.992917236952099,Naive,0.9
300,1.0,13.23073097520975,MLE,0.28571428571428564
300,0.8611111111111112,18.01821828636552,Data splitting,0.3157894736842105
300,0.875,9.55810754108067,Naive,0.6
300,0.9,12.589634876135031,MLE,0.48
300,0.8214285714285714,16.574230154388385,Data splitting,0.47058823529411764
300,0.875,9.539948720675294,Naive,0.5555555555555556
300,0.8636363636363636,13.02327807496614,MLE,0.5714285714285713
300,0.9583333333333334,15.819755258604355,Data splitting,0.625
300,0.8333333333333334,9.070149968619171,Naive,0.625
300,0.925,12.419704091350972,MLE,0.7
300,0.8928571428571429,17.91411336748891,Data splitting,0.8235294117647058
300,0.8888888888888888,9.778147353058742,Naive,0.7368421052631577
300,0.9038461538461539,12.887135912149526,MLE,0.608695652173913
300,0.85,16.25960605752588,Data splitting,0.5333333333333333
300,0.8888888888888888,9.429738468637034,Naive,0.631578947368421
300,0.8846153846153846,12.668007491612862,MLE,0.5217391304347826
300,0.9444444444444444,18.855051555375095,Data splitting,0.7368421052631577
300,0.875,9.851339222874074,Naive,0.8000000000000002
300,0.9444444444444444,12.760033937678074,MLE,0.7368421052631577
300,0.90625,17.372572252764897,Data splitting,0.6666666666666665
300,0.7916666666666666,8.65775236649524,Naive,0.625
300,0.90625,12.566159192412012,MLE,0.6153846153846154
300,1.0,17.809439460104336,Data splitting,0.4444444444444445
300,0.8611111111111112,9.366065592014644,Naive,0.631578947368421
300,0.9333333333333333,12.917275004191485,MLE,0.48
300,0.90625,19.081594852426566,Data splitting,0.4444444444444445
300,0.8055555555555556,9.455269598620577,Naive,0.631578947368421
300,0.8541666666666666,13.154317778790224,MLE,0.2727272727272727
300,0.90625,19.32675461095478,Data splitting,0.4444444444444445
300,0.8888888888888888,9.514022468866862,Naive,0.5263157894736842
300,0.9,13.00524333317727,MLE,0.3
300,0.9,16.225269369223444,Data splitting,0.4
300,0.8571428571428571,9.12277435160618,Naive,0.588235294117647
300,0.8461538461538461,12.666436607626075,MLE,0.34782608695652173
300,0.9166666666666666,13.752949046957577,Data splitting,0.15384615384615383
300,0.8333333333333334,8.551223827281063,Naive,0.37499999999999994
300,0.84375,13.067370213090452,MLE,0.33333333333333326
300,0.9,15.67797184965129,Data splitting,0.4
300,0.8333333333333334,8.69775598091118,Naive,0.625
300,0.8636363636363636,12.79090195569698,MLE,0.380952380952381
300,0.85,16.43137512798223,Data splitting,0.26666666666666666
300,0.7857142857142857,8.89693981832979,Naive,0.47058823529411764
300,1.0,12.275340423167473,MLE,0.6
300,0.7916666666666666,17.083343942931847,Data splitting,0.625
300,0.875,8.688415496897187,Naive,0.625
300,0.9090909090909091,12.383477714727508,MLE,0.6666666666666666
300,0.85,16.009330810296724,Data splitting,0.6666666666666666
300,0.85,8.994281342858105,Naive,0.6666666666666666
300,0.9615384615384616,12.606470762334457,MLE,0.6956521739130435
300,0.875,17.930183005852662,Data splitting,0.6666666666666665
300,0.8863636363636364,10.086662021330254,Naive,0.8571428571428572
300,0.9,12.936414876260724,MLE,0.56
300,0.96875,18.521898548182826,Data splitting,0.4444444444444445
300,0.90625,9.68003976320825,Naive,0.6666666666666665
300,0.8888888888888888,12.872844004953086,MLE,0.4210526315789474
300,0.7916666666666666,16.536330614098123,Data splitting,0.37499999999999994
300,0.84375,9.307720048678409,Naive,0.4444444444444445
300,0.9090909090909091,12.732150463994797,MLE,0.47619047619047616
300,0.875,18.14773963453327,Data splitting,0.4444444444444445
300,0.8333333333333334,8.875921770755939,Naive,0.625
300,0.8653846153846154,12.086015900092056,MLE,0.6956521739130435
300,1.0,18.74293776304977,Data splitting,0.7058823529411764
300,0.9285714285714286,9.457125586629925,Naive,0.7058823529411764
300,0.8035714285714286,12.642144858073305,MLE,0.6666666666666666
300,0.84375,18.18502030609421,Data splitting,0.4444444444444445
300,0.8,9.771793104981384,Naive,0.7
300,0.9107142857142857,12.971138639947412,MLE,0.5
300,0.9,15.392411708475322,Data splitting,0.4
300,0.9285714285714286,8.949052302596156,Naive,0.7058823529411764
300,0.8382352941176471,12.392439858771134,MLE,0.4444444444444445
300,0.96875,18.239510540877667,Data splitting,0.5555555555555556
300,0.7222222222222222,9.747251237876451,Naive,0.7368421052631577
300,0.875,13.027245149733277,MLE,0.37499999999999994
300,0.625,23.684464853641018,Data splitting,0.5
300,0.9,10.19709759496393,Naive,0.5
300,0.925,12.675146654944745,MLE,0.8000000000000002
300,0.8333333333333334,16.42510529037399,Data splitting,0.625
300,0.71875,9.662507374813735,Naive,0.7777777777777777
300,0.796875,12.925477657917646,MLE,0.4615384615384615
300,0.9642857142857143,16.775086805101527,Data splitting,0.47058823529411764
300,0.75,9.290041613164956,Naive,0.33333333333333326
300,0.9,12.473480101201282,MLE,0.6
300,0.9,15.321577747109078,Data splitting,0.26666666666666666
300,0.9375,9.181254195367277,Naive,0.7777777777777777
300,0.8611111111111112,12.505756872813476,MLE,0.631578947368421
300,0.8571428571428571,19.75594136881993,Data splitting,0.588235294117647
300,0.8928571428571429,9.17897629406272,Naive,0.7058823529411764
300,0.8055555555555556,12.75296586815748,MLE,0.5263157894736842
300,0.8333333333333334,14.899332679764349,Data splitting,0.30769230769230765
300,0.9,8.750193671096582,Naive,0.5333333333333333
300,0.95,12.603774044331553,MLE,0.48
300,0.8214285714285714,18.113855740535353,Data splitting,0.588235294117647
300,0.75,9.717048690794975,Naive,0.631578947368421
300,0.875,12.774298001372541,MLE,0.6363636363636365
300,0.8333333333333334,17.30931423163307,Data splitting,0.625
300,0.75,10.303202494312636,Naive,0.761904761904762
300,0.9,12.865256037974566,MLE,0.5
300,0.9,16.356337978815375,Data splitting,0.4
300,0.7916666666666666,8.839886766515278,Naive,0.7499999999999999
300,0.9666666666666667,12.69833207511016,MLE,0.56
300,0.9318181818181818,19.271777493258607,Data splitting,0.6666666666666666
300,0.925,9.509195185830439,Naive,0.7
300,0.8055555555555556,12.401799349609655,MLE,0.5263157894736842
300,0.75,15.526790008177827,Data splitting,0.4285714285714285
300,0.75,9.376777610489524,Naive,0.6666666666666665
300,0.8269230769230769,12.706526498035052,MLE,0.608695652173913
300,0.8571428571428571,16.63643801987366,Data splitting,0.588235294117647
300,0.8333333333333334,9.551410872544214,Naive,0.7368421052631577
300,0.8541666666666666,12.463937806346744,MLE,0.5454545454545454
300,0.9375,17.788608116032734,Data splitting,0.6666666666666665
300,0.7222222222222222,9.930293132067018,Naive,0.7368421052631577
300,0.9583333333333334,13.141609308452976,MLE,0.45454545454545453
300,0.9285714285714286,16.89726752750897,Data splitting,0.23529411764705882
300,0.8333333333333334,8.796808430874087,Naive,0.5
300,0.796875,12.207373094961103,MLE,0.4615384615384615
300,0.85,15.521141435310756,Data splitting,0.5333333333333333
300,0.8055555555555556,9.903515144793346,Naive,0.7368421052631577
300,0.90625,12.704009765138002,MLE,0.5555555555555556
300,0.78125,20.199018943091346,Data splitting,0.6666666666666665
300,0.8888888888888888,9.621782696816082,Naive,0.5263157894736842
300,1.0,12.900943585430422,MLE,0.4285714285714285
300,0.875,16.468194846911334,Data splitting,0.5
300,0.9285714285714286,9.032506691114397,Naive,0.7058823529411764
300,0.9285714285714286,12.885454929562554,MLE,0.5
300,0.9375,15.216872605262973,Data splitting,0.4285714285714285
300,0.9166666666666666,8.692847531167743,Naive,0.5
300,0.8541666666666666,12.778027568304706,MLE,0.5454545454545454
300,0.8125,15.738308233442886,Data splitting,0.5714285714285715
300,1.0,8.179015319538573,Naive,0.5714285714285715
300,0.7708333333333334,12.547872174163922,MLE,0.3636363636363636
300,0.9,16.4651030483929,Data splitting,0.4
300,0.75,8.822925673941434,Naive,0.4
300,0.9166666666666666,13.212629172090061,MLE,0.3636363636363636
300,0.9166666666666666,15.870840804607033,Data splitting,0.25
300,0.9,8.424500432476977,Naive,0.4
300,0.8846153846153846,12.743941262303895,MLE,0.608695652173913
300,0.9375,18.196235128074086,Data splitting,0.7777777777777777
300,0.85,10.066752428604985,Naive,0.8000000000000002
300,0.9166666666666666,13.006122670550806,MLE,0.56
300,0.9423076923076923,20.58928334123567,Data splitting,0.5217391304347826
300,0.8125,9.831966170803883,Naive,0.8181818181818182
300,0.9166666666666666,12.520589604817824,MLE,0.5454545454545454
300,0.8928571428571429,17.92442901017062,Data splitting,0.3529411764705882
300,0.8409090909090909,10.007560062836312,Naive,0.5714285714285713
300,0.9038461538461539,12.309515103033966,MLE,0.6956521739130435
300,0.7777777777777778,23.693717107009537,Data splitting,0.8421052631578948
300,0.8125,10.064028401984974,Naive,0.7777777777777777
300,0.875,12.515559125736045,MLE,0.7
300,0.7857142857142857,18.73106928194977,Data splitting,0.7058823529411764
300,0.84375,9.698038885048398,Naive,0.888888888888889
300,0.9285714285714286,12.825966241641122,MLE,0.5
300,0.9285714285714286,16.670947717766513,Data splitting,0.47058823529411764
300,0.8181818181818182,9.813528147747956,Naive,0.47619047619047616
300,0.9038461538461539,13.168194564953202,MLE,0.34782608695652173
300,0.75,15.92817518520593,Data splitting,0.4285714285714285
300,1.0,8.842537950130726,Naive,0.7499999999999999
300,0.9615384615384616,12.843336885706712,MLE,0.4347826086956522
300,0.7272727272727273,25.252727927857862,Data splitting,0.47619047619047616
300,0.8863636363636364,9.928211937578451,Naive,0.6666666666666666
300,0.9791666666666666,12.73898012739693,MLE,0.7272727272727272
300,0.9583333333333334,16.303873053224066,Data splitting,0.625
300,0.75,9.22908549648436,Naive,0.8235294117647058
300,0.9333333333333333,13.297989139390081,MLE,0.4
300,0.65625,20.175141690522185,Data splitting,0.5555555555555556
300,0.90625,9.411215724638854,Naive,0.5555555555555556
300,0.9166666666666666,12.964351081503938,MLE,0.631578947368421
300,0.9642857142857143,16.374550462149777,Data splitting,0.3529411764705882
300,1.0,8.700264153004369,Naive,0.7499999999999999
300,0.890625,12.972967001734666,MLE,0.4615384615384615
300,0.9166666666666666,16.22026175187094,Data splitting,0.5
300,0.84375,9.18171251318542,Naive,0.5555555555555556
300,0.8333333333333334,12.409208806927857,MLE,0.631578947368421
300,0.90625,17.520991810531285,Data splitting,0.7777777777777777
300,0.8,9.860804747100877,Naive,0.8000000000000002
300,0.9166666666666666,12.62502196107744,MLE,0.7368421052631577
300,0.875,20.690116762673316,Data splitting,0.5555555555555556
300,0.90625,9.368115515596728,Naive,0.6666666666666665
300,0.9772727272727273,13.083852408286116,MLE,0.28571428571428564
300,0.8333333333333334,17.13535970136576,Data splitting,0.37499999999999994
300,0.8333333333333334,9.560310924759044,Naive,0.7368421052631577
300,0.9318181818181818,13.128724979608954,MLE,0.380952380952381
300,0.8333333333333334,14.6707570397206,Data splitting,0.15384615384615383
300,0.9375,8.240120923541683,Naive,0.4285714285714285
300,0.9375,12.581849922603114,MLE,0.5555555555555556
300,0.875,15.574190398079747,Data splitting,0.4285714285714285
300,0.8125,8.552098163940524,Naive,0.5714285714285715
300,0.8541666666666666,13.480200478533098,MLE,0.3636363636363636
300,0.8125,18.10963342537019,Data splitting,0.5555555555555556
300,0.8928571428571429,8.98302546545023,Naive,0.588235294117647
300,0.875,12.863423626133644,MLE,0.45454545454545453
300,0.8928571428571429,17.673867297931995,Data splitting,0.7058823529411764
300,0.90625,9.273054448098392,Naive,0.7777777777777777
300,0.8958333333333334,12.909773508269431,MLE,0.5454545454545454
300,0.9285714285714286,16.50698933414797,Data splitting,0.47058823529411764
300,0.8888888888888888,9.316114551442814,Naive,0.631578947368421
300,0.9166666666666666,12.563137896595455,MLE,0.6363636363636365
300,0.875,17.072906516904073,Data splitting,0.7499999999999999
300,0.8928571428571429,9.177261721475931,Naive,0.8235294117647058
300,0.881578947368421,12.728644750201221,MLE,0.41379310344827586
300,0.8888888888888888,18.248734805873696,Data splitting,0.4210526315789474
300,0.775,9.610237148459428,Naive,0.3
300,0.9230769230769231,12.769532975739342,MLE,0.5217391304347826
300,0.8333333333333334,16.12643369610841,Data splitting,0.37499999999999994
300,0.90625,8.978814675404728,Naive,0.5555555555555556
300,0.9166666666666666,12.937361888828832,MLE,0.3157894736842105
300,0.875,16.615576029747135,Data splitting,0.625
300,0.75,9.18577271951527,Naive,0.7777777777777777
300,0.8529411764705882,12.306268669656456,MLE,0.5185185185185185
300,0.85,16.817774330300825,Data splitting,0.26666666666666666
300,0.775,9.851757596902058,Naive,0.6
300,0.9230769230769231,12.754795813953608,MLE,0.608695652173913
300,0.9285714285714286,17.633240104791632,Data splitting,0.588235294117647
300,0.90625,9.241928977777041,Naive,0.6666666666666665
300,0.9642857142857143,12.806656513464793,MLE,0.41666666666666663
300,0.9166666666666666,19.6949724517818,Data splitting,0.631578947368421
300,0.8409090909090909,9.970056433881611,Naive,0.5714285714285713
300,0.9375,12.744059535897307,MLE,0.6363636363636365
300,0.8125,17.868758565241208,Data splitting,0.6666666666666665
300,0.90625,9.220108648201155,Naive,0.7777777777777777
300,0.8636363636363636,12.419810334228924,MLE,0.28571428571428564
300,0.9375,16.189756710475493,Data splitting,0.4285714285714285
300,0.75,9.494300901796187,Naive,0.37499999999999994
300,0.85,12.323794284567983,MLE,0.7200000000000001
300,0.9,16.46887688213099,Data splitting,0.6666666666666666
300,0.9444444444444444,9.790832929295641,Naive,0.7368421052631577
300,0.9318181818181818,12.609449651562848,MLE,0.6666666666666666
300,0.95,16.518321771672216,Data splitting,0.5333333333333333
300,0.84375,9.366838450214328,Naive,0.6666666666666665
300,0.875,12.656982438427667,MLE,0.6666666666666666
300,0.8611111111111112,18.365963565081845,Data splitting,0.7368421052631577
300,0.975,9.680884140530846,Naive,0.8000000000000002
300,0.8472222222222222,12.485659539909486,MLE,0.5714285714285714
300,1.0,16.224883553638147,Data splitting,0.5
300,0.9375,9.096319532168941,Naive,0.6666666666666665
300,0.8888888888888888,12.654538168710587,MLE,0.5
300,0.6875,15.060050449249445,Data splitting,0.5714285714285715
300,0.84375,9.160323011792542,Naive,0.6666666666666665
300,0.8214285714285714,12.43944014558254,MLE,0.5833333333333334
300,0.8611111111111112,19.577168305120278,Data splitting,0.7368421052631577
300,0.9375,9.4768085408379,Naive,0.7777777777777777
300,0.9,12.494010646183424,MLE,0.56
300,0.6111111111111112,23.126522891778283,Data splitting,0.631578947368421
300,0.8,10.236747168611476,Naive,0.8000000000000002
300,0.825,12.292480146400635,MLE,0.5
300,0.8611111111111112,19.978719137220175,Data splitting,0.7368421052631577
300,0.6071428571428571,9.459147576631494,Naive,0.588235294117647
300,0.975,12.963448845137197,MLE,0.4000000000000001
300,0.8,16.225855102777274,Data splitting,0.5333333333333333
300,0.8571428571428571,8.978163083842523,Naive,0.588235294117647
300,0.9090909090909091,12.735655290354254,MLE,0.5714285714285713
300,0.95,16.423070889463915,Data splitting,0.6666666666666666
300,0.9285714285714286,9.457565512256739,Naive,0.7058823529411764
300,0.890625,12.684041770877489,MLE,0.4615384615384615
300,0.7142857142857143,18.961862853761055,Data splitting,0.588235294117647
300,0.8,9.790434349948331,Naive,0.6
300,0.9545454545454546,12.41302202444599,MLE,0.47619047619047616
300,0.8928571428571429,17.869330215516367,Data splitting,0.47058823529411764
300,0.8571428571428571,9.001328986877436,Naive,0.47058823529411764
300,0.828125,12.851657130904204,MLE,0.4615384615384615
300,1.0,14.77739938721167,Data splitting,0.26666666666666666
300,0.84375,9.365686125613536,Naive,0.6666666666666665
300,0.8846153846153846,12.272087609881956,MLE,0.608695652173913
300,0.7916666666666666,17.774681178653605,Data splitting,0.7499999999999999
300,0.7222222222222222,9.976356146232698,Naive,0.7368421052631577
300,0.9642857142857143,13.622907142072819,MLE,0.5
300,0.90625,17.556850722794916,Data splitting,0.5555555555555556
300,0.95,9.433137514272198,Naive,0.7
300,0.9545454545454546,12.764118944356902,MLE,0.5714285714285713
300,0.9642857142857143,16.176627743070647,Data splitting,0.588235294117647
300,1.0,8.678011239013703,Naive,0.7499999999999999
300,0.7333333333333333,12.342654967180389,MLE,0.64
300,0.6666666666666666,19.888558474705274,Data splitting,0.631578947368421
300,0.8541666666666666,10.534603724211744,Naive,0.8181818181818182
300,0.8125,13.226947809922178,MLE,0.3076923076923077
300,0.9722222222222222,19.05191854509654,Data splitting,0.3157894736842105
300,0.8888888888888888,9.227571702765688,Naive,0.4210526315789474
300,0.84375,13.044427412455473,MLE,0.3076923076923077
300,0.8,19.38992206626164,Data splitting,0.4000000000000001
300,0.7,9.630772173156473,Naive,0.4000000000000001
300,0.875,13.043938235728177,MLE,0.45454545454545453
300,0.8888888888888888,20.486142272636883,Data splitting,0.5263157894736842
300,0.8409090909090909,10.253112957180024,Naive,0.5714285714285713
300,0.921875,12.87203884112157,MLE,0.4615384615384615
300,1.0,14.604853098442351,Data splitting,0.4285714285714285
300,1.0,8.755703804781442,Naive,0.7058823529411764
300,0.8846153846153846,12.444137983249258,MLE,0.6956521739130435
300,0.7857142857142857,19.45640514349252,Data splitting,0.588235294117647
300,0.7777777777777778,9.652149844325987,Naive,0.631578947368421
300,0.825,12.536759758334176,MLE,0.6
300,0.8125,20.361145906902784,Data splitting,0.5555555555555556
300,0.8333333333333334,9.667028964364716,Naive,0.7499999999999999
300,0.9444444444444444,12.618257659592778,MLE,0.5263157894736842
300,0.875,16.57185509839483,Data splitting,0.625
300,0.875,9.34885386260191,Naive,0.6666666666666665
300,0.9230769230769231,12.308144254835211,MLE,0.4347826086956522
300,0.625,15.367882173655119,Data splitting,0.4285714285714285
300,0.875,8.345468507938504,Naive,0.5714285714285715
300,1.0,12.594538298966459,MLE,0.5555555555555556
300,0.95,15.398575403755004,Data splitting,0.4
300,0.9,8.546677668269934,Naive,0.6666666666666666
300,0.9615384615384616,12.941295996156574,MLE,0.5217391304347826
300,0.9166666666666666,17.63921003160798,Data splitting,0.631578947368421
300,0.90625,9.123207085984653,Naive,0.5555555555555556
300,0.85,12.137951957819471,MLE,0.8000000000000002
300,0.8571428571428571,17.996817106476417,Data splitting,0.588235294117647
300,0.725,10.134941883443126,Naive,0.8000000000000002
300,0.8863636363636364,13.146885259317001,MLE,0.380952380952381
300,0.90625,17.974811740351758,Data splitting,0.5555555555555556
300,0.775,9.573463072915828,Naive,0.4000000000000001
300,0.8541666666666666,12.605956473034885,MLE,0.6363636363636365
300,0.7916666666666666,16.502537139459786,Data splitting,0.25
300,0.9444444444444444,9.493586983095707,Naive,0.631578947368421
300,0.85,12.925323794503242,MLE,0.5
300,0.78125,19.215987661290526,Data splitting,0.5555555555555556
300,0.9285714285714286,9.023463042247032,Naive,0.47058823529411764
300,0.828125,12.65730300471764,MLE,0.3076923076923077
300,0.9318181818181818,19.596047211718698,Data splitting,0.47619047619047616
300,0.7272727272727273,10.02711626564824,Naive,0.380952380952381
300,0.875,12.599828090140235,MLE,0.5454545454545454
300,0.95,15.21426995092762,Data splitting,0.5333333333333333
300,0.9285714285714286,8.654926464093487,Naive,0.47058823529411764
300,0.8392857142857143,12.70099064659686,MLE,0.5833333333333334
300,0.9,15.70559043696004,Data splitting,0.4
300,0.9166666666666666,8.77717700427958,Naive,0.5
300,0.875,13.587971997948484,MLE,0.3333333333333333
300,0.8,23.569523074668133,Data splitting,0.5
300,0.8333333333333334,10.002734580601283,Naive,0.5263157894736842
300,0.975,12.345438060697365,MLE,0.6
300,0.875,16.84192600859607,Data splitting,0.37499999999999994
300,0.90625,9.331457952772084,Naive,0.6666666666666665
300,0.9107142857142857,12.633239959816478,MLE,0.6666666666666666
300,1.0,15.41162492817775,Data splitting,0.5333333333333333
300,0.775,9.592979253696859,Naive,0.7
300,0.8846153846153846,13.245755293730722,MLE,0.608695652173913
300,0.6447368421052632,38.803394799665334,Data splitting,0.5517241379310345
300,0.85,11.112858909313903,Naive,0.7200000000000001
300,0.875,12.767592443726238,MLE,0.5454545454545454
300,0.8125,19.205719392410487,Data splitting,0.4444444444444445
300,0.875,9.61770937378545,Naive,0.7777777777777777
300,0.9444444444444444,12.892323140112849,MLE,0.3157894736842105
300,0.875,18.945462948156564,Data splitting,0.3
300,0.8,8.409140014363562,Naive,0.13333333333333333
300,0.8863636363636364,12.59934008932114,MLE,0.6666666666666666
300,0.9166666666666666,13.667516418365416,Data splitting,0.30769230769230765
300,0.9166666666666666,8.547341867153756,Naive,0.5
300,0.9423076923076923,12.813971486691033,MLE,0.4347826086956522
300,0.875,14.692753428468084,Data splitting,0.4285714285714285
300,0.875,8.672339740010171,Naive,0.5
300,0.9285714285714286,12.7010159615554,MLE,0.5
300,0.9375,18.63030294025183,Data splitting,0.7777777777777777
300,0.96875,9.56094019464755,Naive,0.5555555555555556
300,0.9444444444444444,12.920065454379948,MLE,0.5263157894736842
300,0.75,15.577781022283139,Data splitting,0.5714285714285715
300,0.875,8.604546955556938,Naive,0.625
300,0.9107142857142857,12.588146482416098,MLE,0.5833333333333334
300,0.85,16.541962987805356,Data splitting,0.4
300,0.8214285714285714,9.171112343249348,Naive,0.588235294117647
300,1.0,13.358091648425983,MLE,0.5384615384615384
300,1.0,18.0633386873849,Data splitting,0.5263157894736842
300,1.0,9.144971871563543,Naive,0.7499999999999999
300,0.9318181818181818,13.00370179271784,MLE,0.380952380952381
300,0.96875,17.319983014344768,Data splitting,0.33333333333333326
300,0.875,9.146262826741584,Naive,0.4444444444444445
300,0.9230769230769231,12.699695586130549,MLE,0.4347826086956522
300,0.8333333333333334,13.142262257205621,Data splitting,0.30769230769230765
300,0.8928571428571429,8.684861186381603,Naive,0.588235294117647
300,0.925,13.151709610781515,MLE,0.3
300,0.8333333333333334,16.16636909705686,Data splitting,0.37499999999999994
300,0.875,8.980461838798117,Naive,0.5555555555555556
300,0.8653846153846154,12.605389310918335,MLE,0.608695652173913
300,0.8214285714285714,18.96968896342205,Data splitting,0.588235294117647
300,0.9583333333333334,8.905482004477719,Naive,0.625
300,0.8333333333333334,12.935960261649106,MLE,0.3636363636363636
300,0.75,17.76841920028485,Data splitting,0.5
300,0.78125,9.47245694310408,Naive,0.6666666666666665
300,0.8541666666666666,12.735215444061287,MLE,0.45454545454545453
300,0.7857142857142857,18.517474346286235,Data splitting,0.3529411764705882
300,0.85,9.7811046795839,Naive,0.5
300,0.8833333333333333,12.510878679356301,MLE,0.48
300,0.8571428571428571,17.9698035956493,Data splitting,0.588235294117647
300,0.7222222222222222,9.642757333679233,Naive,0.631578947368421
300,0.8214285714285714,12.359687823213571,MLE,0.6666666666666666
300,0.925,19.912439632468754,Data splitting,0.7
300,0.75,10.417610096918974,Naive,0.761904761904762
300,0.8125,13.035498093452441,MLE,0.45454545454545453
300,0.775,20.551445577818292,Data splitting,0.4000000000000001
300,0.90625,9.12999673516785,Naive,0.5555555555555556
300,0.9642857142857143,12.937428274427836,MLE,0.41666666666666663
300,1.0,14.989909105094203,Data splitting,0.5714285714285715
300,0.9583333333333334,8.545463703723218,Naive,0.625
300,0.9230769230769231,12.717562266498767,MLE,0.5217391304347826
300,0.9375,15.676410873159059,Data splitting,0.5714285714285715
300,0.90625,9.369269537699983,Naive,0.6666666666666665
300,0.7916666666666666,12.76269426163285,MLE,0.45454545454545453
300,0.75,22.250052803343586,Data splitting,0.5
300,0.7777777777777778,9.763820886981236,Naive,0.631578947368421
300,0.8888888888888888,12.513662839640473,MLE,0.7368421052631577
300,0.9583333333333334,16.02935450827749,Data splitting,0.5
300,0.8888888888888888,9.577283751713559,Naive,0.631578947368421
300,0.85,12.774601063682832,MLE,0.4
300,0.8,16.28124134423527,Data splitting,0.6666666666666666
300,0.825,9.690440859861276,Naive,0.6
300,0.875,13.024802818175056,MLE,0.3333333333333333
300,0.9166666666666666,17.54381506681928,Data splitting,0.37499999999999994
300,0.6944444444444444,10.265797499063806,Naive,0.631578947368421
300,0.9318181818181818,12.71816722016991,MLE,0.47619047619047616
300,0.9583333333333334,17.14672322407706,Data splitting,0.5
300,1.0,9.194978274711746,Naive,0.7058823529411764
300,0.875,12.363857428673475,MLE,0.7272727272727272
300,0.975,19.679176118029044,Data splitting,0.6
300,0.8125,9.54985246539312,Naive,0.5555555555555556
300,0.7857142857142857,12.350707299205283,MLE,0.75
300,0.8888888888888888,19.390268693042074,Data splitting,0.7368421052631577
300,0.8,10.343414309515607,Naive,0.9
300,0.9166666666666666,12.815970663107349,MLE,0.56
300,0.9642857142857143,16.929756531524127,Data splitting,0.588235294117647
300,0.8636363636363636,9.605179552656754,Naive,0.47619047619047616
300,0.7708333333333334,12.27897103331332,MLE,0.7272727272727272
300,0.8571428571428571,19.488248738019134,Data splitting,0.8235294117647058
300,0.75,9.529761348290819,Naive,0.8235294117647058
300,0.8269230769230769,12.871754191002168,MLE,0.608695652173913
300,0.75,16.671383005643573,Data splitting,0.5
300,0.6875,9.020839567700214,Naive,0.5555555555555556
300,0.8472222222222222,12.753751702650245,MLE,0.5
300,0.7222222222222222,25.291684927156794,Data splitting,0.5263157894736842
300,0.8636363636363636,10.211528363713969,Naive,0.6666666666666666
300,0.9545454545454546,12.669091479140782,MLE,0.5714285714285713
300,0.9285714285714286,16.631694709414457,Data splitting,0.3529411764705882
300,0.85,9.530551289047361,Naive,0.7
300,0.8846153846153846,12.467187168835563,MLE,0.5217391304347826
300,0.9642857142857143,16.642905556090557,Data splitting,0.47058823529411764
300,0.7,8.606046154281008,Naive,0.6666666666666666
300,0.8181818181818182,12.799965452327514,MLE,0.47619047619047616
300,0.875,15.05494622180695,Data splitting,0.28571428571428575
300,0.8,8.534422593458384,Naive,0.5333333333333333
300,0.8888888888888888,12.502862899734291,MLE,0.5263157894736842
300,0.8333333333333334,17.19468912343217,Data splitting,0.5
300,0.85,9.754705390555468,Naive,0.5
300,0.90625,12.443521534080352,MLE,0.6153846153846154
300,0.8125,18.297158450496696,Data splitting,0.5555555555555556
300,0.8333333333333334,9.909826992651185,Naive,0.7368421052631577
300,0.9,13.235515300910553,MLE,0.5
300,0.9375,16.037200492919865,Data splitting,0.28571428571428575
300,0.8333333333333334,8.540327082070077,Naive,0.5
300,0.7,12.595955711674739,MLE,0.7
300,0.5714285714285714,17.404229778539186,Data splitting,0.47058823529411764
300,0.75,9.620705193222626,Naive,0.631578947368421
300,0.9642857142857143,12.77619668292229,MLE,0.41666666666666663
300,0.7708333333333334,25.31553984018589,Data splitting,0.3636363636363636
300,0.7884615384615384,10.808203248613701,Naive,0.608695652173913
300,0.868421052631579,12.27833895192857,MLE,0.5517241379310345
300,0.9583333333333334,17.158599997506826,Data splitting,0.5
300,0.8055555555555556,9.915903959905917,Naive,0.631578947368421
300,0.8541666666666666,12.913688080256227,MLE,0.5454545454545454
300,0.95,16.535474955079835,Data splitting,0.5333333333333333
300,0.9166666666666666,8.904775526698197,Naive,0.625
300,0.9318181818181818,12.367151926139217,MLE,0.47619047619047616
300,0.9285714285714286,18.245216775783767,Data splitting,0.47058823529411764
300,0.8,9.911622173442312,Naive,0.6
300,0.9090909090909091,12.788761326947451,MLE,0.47619047619047616
300,0.9166666666666666,16.799986166599624,Data splitting,0.5
300,0.7727272727272727,9.887063999434634,Naive,0.47619047619047616
300,0.9318181818181818,12.884849178309937,MLE,0.47619047619047616
300,0.875,16.80981372152927,Data splitting,0.5
300,0.875,8.834925589108662,Naive,0.5
300,0.9166666666666666,13.038795294435682,MLE,0.3157894736842105
300,0.875,13.512265068689906,Data splitting,0.33333333333333337
300,1.0,8.43156765353036,Naive,0.5333333333333333
300,0.9772727272727273,12.943127625325946,MLE,0.47619047619047616
300,1.0,16.24951199178086,Data splitting,0.5333333333333333
300,1.0,8.538487104563213,Naive,0.5333333333333333
300,0.7727272727272727,12.526055033517213,MLE,0.5714285714285713
300,0.75,21.32939309695711,Data splitting,0.7368421052631577
300,0.7727272727272727,11.080210661710066,Naive,0.8571428571428572
300,0.75,12.77215085227159,MLE,0.5
300,0.8333333333333334,16.719330635536313,Data splitting,0.37499999999999994
300,0.84375,9.128472214666452,Naive,0.4444444444444445
300,0.8461538461538461,12.620325418569603,MLE,0.4347826086956522
300,0.9375,14.64204958587857,Data splitting,0.28571428571428575
300,0.9,8.432234535883289,Naive,0.5333333333333333
300,0.7833333333333333,12.770142100355764,MLE,0.48
300,0.78125,17.851404965545605,Data splitting,0.4444444444444445
300,0.8,9.59858576358064,Naive,0.6
300,0.85,12.388357032664253,MLE,0.64
300,0.7727272727272727,25.873997394216246,Data splitting,0.6666666666666666
300,0.75,9.855701817833985,Naive,0.7777777777777777
300,0.9166666666666666,12.76561283547134,MLE,0.45454545454545453
300,0.7,16.02340507658935,Data splitting,0.4
300,0.9318181818181818,9.864685526224655,Naive,0.5714285714285713
300,0.8636363636363636,12.361739521098674,MLE,0.6666666666666666
300,0.7857142857142857,17.412300947466417,Data splitting,0.588235294117647
300,0.8125,9.2765813708258,Naive,0.6666666666666665
300,0.8823529411764706,12.220651803268886,MLE,0.7407407407407407
300,0.7777777777777778,21.617025013339745,Data splitting,0.8421052631578948
300,0.8125,10.866786780430553,Naive,0.9090909090909091
300,0.890625,12.830874357527186,MLE,0.4615384615384615
300,0.75,19.237327216987904,Data splitting,0.5555555555555556
300,0.7857142857142857,9.216639887451013,Naive,0.588235294117647
300,0.9423076923076923,12.782608501929968,MLE,0.608695652173913
300,0.9166666666666666,17.085280755344638,Data splitting,0.5
300,0.875,9.367976910367606,Naive,0.6666666666666665
300,0.8888888888888888,13.120237792354184,MLE,0.3157894736842105
300,1.0,14.330669143660042,Data splitting,0.14285714285714288
300,0.875,8.369156632471352,Naive,0.4285714285714285
300,0.8928571428571429,12.883943961652523,MLE,0.5
300,0.9642857142857143,17.210743899895956,Data splitting,0.588235294117647
300,0.84375,9.231119298902602,Naive,0.4444444444444445
300,0.775,12.577882089892686,MLE,0.6
300,0.875,15.301606522731054,Data splitting,0.4285714285714285
300,0.8055555555555556,9.524068704003675,Naive,0.7368421052631577
300,0.828125,12.632721294197477,MLE,0.6923076923076923
300,0.8333333333333334,19.096958717310272,Data splitting,0.5263157894736842
300,0.8461538461538461,10.20780290527468,Naive,0.6956521739130435
300,0.8958333333333334,12.424469207851521,MLE,0.5454545454545454
300,0.875,17.16888093404928,Data splitting,0.5
300,0.6875,9.35003806117199,Naive,0.4444444444444445
300,0.975,12.406276113456268,MLE,0.5
300,0.9285714285714286,18.246275361723978,Data splitting,0.588235294117647
300,0.7142857142857143,9.12975623953499,Naive,0.588235294117647
300,0.9722222222222222,12.661614800072078,MLE,0.4210526315789474
300,0.85,15.863970863640693,Data splitting,0.26666666666666666
300,0.75,8.278656533435747,Naive,0.4285714285714285
300,0.925,12.56595192199859,MLE,0.6
300,0.9,16.075868518093102,Data splitting,0.5333333333333333
300,0.85,8.784980154009364,Naive,0.4
300,0.875,12.333725772478495,MLE,0.5384615384615384
300,0.90625,18.298537330760418,Data splitting,0.6666666666666665
300,0.78125,9.86447803550201,Naive,0.6666666666666665
300,0.9318181818181818,12.822812776834871,MLE,0.380952380952381
300,0.9,16.430410569630318,Data splitting,0.4
300,0.9375,9.518979185103372,Naive,0.6666666666666665
300,0.9,12.811435348671722,MLE,0.48
300,0.75,17.07432640601982,Data splitting,0.5333333333333333
300,0.7,9.866822950606277,Naive,0.6
300,0.9078947368421053,12.698346212579363,MLE,0.5517241379310345
300,0.7115384615384616,32.82365042009027,Data splitting,0.6956521739130435
300,0.8333333333333334,10.770755732491523,Naive,0.8181818181818182
300,0.8833333333333333,12.920995218732743,MLE,0.48
300,0.6666666666666666,17.24535954178389,Data splitting,0.37499999999999994
300,0.71875,9.282863244184078,Naive,0.4444444444444445
300,0.75,12.371650136158594,MLE,0.5833333333333334
300,0.875,22.966426078622654,Data splitting,0.6
300,0.6666666666666666,10.34723449758125,Naive,0.7368421052631577
300,0.8333333333333334,12.531339777913958,MLE,0.5263157894736842
300,0.75,15.625552026095544,Data splitting,0.4285714285714285
300,0.84375,9.142862762796025,Naive,0.4444444444444445
300,0.9166666666666666,12.521385290757104,MLE,0.631578947368421
300,0.95,14.959985926853793,Data splitting,0.4
300,0.75,8.84198143554398,Naive,0.625
300,0.95,12.962179138201375,MLE,0.4
300,0.9444444444444444,19.24203169702194,Data splitting,0.631578947368421
300,0.9166666666666666,9.572402917496087,Naive,0.7368421052631577
300,0.875,12.246359487187519,MLE,0.5
300,0.8214285714285714,17.842656841383274,Data splitting,0.47058823529411764
300,0.75,9.273365996128472,Naive,0.5555555555555556
300,0.925,12.740255683468988,MLE,0.7
300,0.8611111111111112,18.82442936811803,Data splitting,0.5263157894736842
300,0.8611111111111112,9.64308047291115,Naive,0.7368421052631577
300,0.8125,13.09069052861001,MLE,0.4615384615384615
300,0.7954545454545454,24.855349780926964,Data splitting,0.47619047619047616
300,0.8888888888888888,10.03566060487275,Naive,0.5263157894736842
300,0.925,12.556528555390468,MLE,0.6
300,0.9375,18.202923323413206,Data splitting,0.4444444444444445
300,0.725,9.974469126278432,Naive,0.6
300,0.8333333333333334,12.487153580244636,MLE,0.45454545454545453
300,0.9642857142857143,16.983572530550923,Data splitting,0.47058823529411764
300,0.8333333333333334,8.703558642817212,Naive,0.625
300,0.8181818181818182,12.901943985770883,MLE,0.47619047619047616
300,0.9285714285714286,16.78726233848925,Data splitting,0.588235294117647
300,0.875,9.295325887838885,Naive,0.6666666666666665
300,0.8409090909090909,12.74271383510993,MLE,0.5714285714285713
300,0.8181818181818182,21.02640377633444,Data splitting,0.380952380952381
300,0.8055555555555556,9.359598427797309,Naive,0.5263157894736842
300,0.85,13.05940744288348,MLE,0.6
300,0.9166666666666666,16.17223760905459,Data splitting,0.5
300,1.0,8.691204026722447,Naive,0.625
300,0.8333333333333334,12.688456119146819,MLE,0.5263157894736842
300,0.9375,15.276582336134453,Data splitting,0.4285714285714285
300,0.9375,8.17646857073514,Naive,0.4285714285714285
300,0.75,12.576356581792322,MLE,0.5
300,1.0,14.341733969394037,Data splitting,0.4285714285714285
300,0.85,8.536354223902402,Naive,0.4
300,0.921875,12.868495016398713,MLE,0.38461538461538464
300,0.875,19.588693089196546,Data splitting,0.4444444444444445
300,0.7916666666666666,10.254880081269588,Naive,0.6363636363636365
300,0.9318181818181818,12.482089391576913,MLE,0.5714285714285713
300,0.9,16.713474318680674,Data splitting,0.5333333333333333
300,0.8333333333333334,9.413930025574688,Naive,0.631578947368421
300,0.890625,12.814331581304781,MLE,0.4615384615384615
300,0.9166666666666666,16.732694340102658,Data splitting,0.5
300,0.85,9.641206008825694,Naive,0.7
300,0.9027777777777778,13.10863916119552,MLE,0.35714285714285715
300,0.9,19.147042476885538,Data splitting,0.6
300,0.84375,9.777863555161943,Naive,0.6666666666666665
300,0.9117647058823529,12.508243367411772,MLE,0.5925925925925927
300,0.9583333333333334,16.089311208896806,Data splitting,0.5
300,0.8928571428571429,9.146333026542822,Naive,0.7058823529411764
300,0.9772727272727273,12.975480859405634,MLE,0.5714285714285713
300,0.925,18.75076379420696,Data splitting,0.5
300,0.875,9.805236348403728,Naive,0.7
300,0.9107142857142857,12.545836267284503,MLE,0.5833333333333334
300,0.9166666666666666,16.325253291225717,Data splitting,0.5
300,0.7857142857142857,9.091572420643795,Naive,0.7058823529411764
300,0.8333333333333334,12.830300561746142,MLE,0.45454545454545453
300,0.8571428571428571,17.991620948636974,Data splitting,0.47058823529411764
300,0.775,9.987062630249953,Naive,0.7
300,0.8611111111111112,12.57941741732672,MLE,0.42857142857142855
300,0.875,24.12931835520067,Data splitting,0.5
300,0.875,10.795348355887244,Naive,0.5833333333333334
300,0.9166666666666666,13.073000221124852,MLE,0.4
300,0.9375,14.935756612934913,Data splitting,0.28571428571428575
300,0.8409090909090909,9.807157739015658,Naive,0.5714285714285713
300,0.9166666666666666,12.497378655690028,MLE,0.56
300,0.8888888888888888,18.109875647175013,Data splitting,0.4210526315789474
300,0.85,9.699454401521255,Naive,0.7
300,0.9230769230769231,12.79110747404806,MLE,0.6956521739130435
300,0.71875,20.549853460925917,Data splitting,0.6666666666666665
300,0.9166666666666666,9.527324093200816,Naive,0.8421052631578948
300,0.90625,12.700110865235398,MLE,0.4615384615384615
300,0.8333333333333334,15.818301308579597,Data splitting,0.37499999999999994
300,0.8125,9.210160463230558,Naive,0.6666666666666665
300,0.9642857142857143,12.659766601439552,MLE,0.5
300,0.75,17.337323458310966,Data splitting,0.47058823529411764
300,0.9166666666666666,9.077619593853612,Naive,0.7499999999999999
300,0.9230769230769231,12.940156039646752,MLE,0.608695652173913
300,0.8888888888888888,18.560537722751523,Data splitting,0.5263157894736842
300,0.9318181818181818,9.839006150047789,Naive,0.6666666666666666
300,0.9285714285714286,12.507416942846703,MLE,0.6666666666666666
300,1.0,15.509430877711026,Data splitting,0.6666666666666666
300,0.7777777777777778,9.476175754444919,Naive,0.631578947368421
300,0.8636363636363636,12.592979504634382,MLE,0.5714285714285713
300,0.7857142857142857,18.654267600678516,Data splitting,0.7058823529411764
300,0.7916666666666666,8.864948061956193,Naive,0.625
400,0.9833333333333333,13.012648655144476,MLE,0.56
400,0.95,19.119437104355814,Data splitting,0.8000000000000002
400,0.95,9.95689581459026,Naive,0.9
400,0.881578947368421,12.601435002537292,MLE,0.6896551724137931
400,0.9285714285714286,17.689661914571168,Data splitting,0.47058823529411764
400,0.8055555555555556,9.431875446440058,Naive,0.7368421052631577
400,0.8863636363636364,12.299506920935864,MLE,0.47619047619047616
400,0.8928571428571429,17.65089169887431,Data splitting,0.3529411764705882
400,0.75,10.016122238324858,Naive,0.6
400,0.8157894736842105,12.755165182491046,MLE,0.27586206896551724
400,0.9285714285714286,16.97168923733827,Data splitting,0.588235294117647
400,0.8611111111111112,10.031256535149971,Naive,0.5263157894736842
400,0.8181818181818182,12.679183509001943,MLE,0.6666666666666666
400,0.725,21.80374899576077,Data splitting,0.7
400,0.7692307692307693,10.625792268128075,Naive,0.6956521739130435
400,0.8055555555555556,12.336959968039602,MLE,0.631578947368421
400,0.625,19.30312573594235,Data splitting,0.625
400,0.7083333333333334,9.242569487507106,Naive,0.7499999999999999
400,0.8958333333333334,12.831104574082692,MLE,0.45454545454545453
400,0.9285714285714286,17.815423278791183,Data splitting,0.7058823529411764
400,0.8409090909090909,9.931005421504453,Naive,0.6666666666666666
400,0.7941176470588235,12.810134499858982,MLE,0.29629629629629634
400,0.9285714285714286,17.58756529858194,Data splitting,0.3529411764705882
400,0.675,9.96968979357504,Naive,0.5
400,0.8833333333333333,12.477811982004827,MLE,0.56
400,0.90625,16.668785190493068,Data splitting,0.4444444444444445
400,0.9375,9.100284812340742,Naive,0.5555555555555556
400,0.9807692307692307,13.211629707577854,MLE,0.34782608695652173
400,0.875,16.63784627281115,Data splitting,0.5
400,0.8611111111111112,9.130832378617207,Naive,0.5263157894736842
400,0.9423076923076923,12.76627782234229,MLE,0.608695652173913
400,0.8928571428571429,18.462119735858675,Data splitting,0.7058823529411764
400,0.875,9.657384534705129,Naive,0.6666666666666665
400,0.9230769230769231,12.505793748854948,MLE,0.5217391304347826
400,0.90625,19.510886253793203,Data splitting,0.4444444444444445
400,0.8409090909090909,9.959620319900456,Naive,0.6666666666666666
400,0.9,13.038479471787035,MLE,0.4
400,0.9166666666666666,13.88128686273412,Data splitting,0.30769230769230765
400,0.8333333333333334,9.008508074206228,Naive,0.5263157894736842
400,0.8,12.81183280770909,MLE,0.5
400,0.8214285714285714,17.491358449508244,Data splitting,0.47058823529411764
400,0.9166666666666666,8.759498562325533,Naive,0.5
400,0.8181818181818182,12.497690152183372,MLE,0.47619047619047616
400,0.75,18.254307567682012,Data splitting,0.6666666666666666
400,0.8125,9.721904149043429,Naive,0.7777777777777777
400,0.9615384615384616,12.648916946070926,MLE,0.608695652173913
400,0.9,16.16670475469186,Data splitting,0.6666666666666666
400,0.78125,9.506375365048758,Naive,0.6666666666666665
400,0.9166666666666666,12.793538885385018,MLE,0.45454545454545453
400,0.825,23.16569301011661,Data splitting,0.6
400,0.875,8.830080815946905,Naive,0.625
400,0.9615384615384616,12.893454452129852,MLE,0.4347826086956522
400,0.9166666666666666,16.220486442861343,Data splitting,0.37499999999999994
400,0.9285714285714286,9.15685740792293,Naive,0.7058823529411764
400,0.90625,12.865630359744454,MLE,0.33333333333333326
400,0.75,12.916794905016774,Data splitting,0.33333333333333337
400,0.6875,8.31416821672565,Naive,0.5714285714285715
400,0.8461538461538461,12.700690991107983,MLE,0.608695652173913
400,0.85,15.444204611038103,Data splitting,0.5333333333333333
400,0.8888888888888888,9.236283883456068,Naive,0.7368421052631577
400,0.9318181818181818,12.47829163927359,MLE,0.5714285714285713
400,0.7,18.154020275295387,Data splitting,0.6666666666666666
400,0.8571428571428571,9.784969542402647,Naive,0.8235294117647058
400,0.8676470588235294,12.963062240512526,MLE,0.4444444444444445
400,0.7,16.46399366581263,Data splitting,0.4
400,0.8928571428571429,9.308952763780471,Naive,0.7058823529411764
400,0.8636363636363636,12.272514659928293,MLE,0.761904761904762
400,0.84375,19.869091369164153,Data splitting,0.7777777777777777
400,0.9,10.535738774916318,Naive,0.9
400,0.6904761904761905,12.343298912824542,MLE,0.3870967741935483
400,0.90625,18.75846499219965,Data splitting,0.6666666666666665
400,0.75,9.954964664864209,Naive,0.5263157894736842
400,0.9117647058823529,12.751990026457307,MLE,0.4444444444444445
400,0.84375,18.37698286093052,Data splitting,0.4444444444444445
400,0.8125,10.14693447170436,Naive,0.6363636363636365
400,0.9166666666666666,12.322430640240457,MLE,0.631578947368421
400,0.9285714285714286,17.52214062955468,Data splitting,0.588235294117647
400,0.7916666666666666,9.25069931088231,Naive,0.7499999999999999
400,0.9166666666666666,12.803533148948826,MLE,0.4210526315789474
400,0.90625,18.495512443162212,Data splitting,0.6666666666666665
400,0.8928571428571429,9.043199650148937,Naive,0.588235294117647
400,0.875,12.468961297824261,MLE,0.5
400,0.6428571428571429,18.735327338850123,Data splitting,0.47058823529411764
400,0.7142857142857143,9.268169330762182,Naive,0.588235294117647
400,0.9107142857142857,13.538022393719713,MLE,0.5833333333333334
400,0.84375,20.7933459504471,Data splitting,0.6666666666666665
400,0.9285714285714286,9.41640754096658,Naive,0.588235294117647
400,0.8055555555555556,13.274342334745695,MLE,0.5714285714285714
400,0.9166666666666666,24.183079873401113,Data splitting,0.5454545454545454
400,0.9166666666666666,10.205780913083451,Naive,0.631578947368421
400,0.85,12.912729556914213,MLE,0.48
400,0.9642857142857143,16.76758894241756,Data splitting,0.47058823529411764
400,0.875,9.843696495211429,Naive,0.7
400,0.9166666666666666,12.755945482888897,MLE,0.3636363636363636
400,0.71875,20.348631238790922,Data splitting,0.33333333333333326
400,0.8,9.96342930755122,Naive,0.5
400,0.9,12.797229036905902,MLE,0.48
400,0.9166666666666666,16.786944248022014,Data splitting,0.5
400,0.8571428571428571,9.125628560395926,Naive,0.7058823529411764
400,0.9318181818181818,13.042965850422947,MLE,0.28571428571428564
400,0.75,14.788402246222569,Data splitting,0.30769230769230765
400,0.85,8.492616981741532,Naive,0.4
400,0.84375,13.079339099117933,MLE,0.3076923076923077
400,0.7954545454545454,21.293298358768627,Data splitting,0.380952380952381
400,0.825,9.815368015803434,Naive,0.4000000000000001
400,0.9107142857142857,12.691006939248187,MLE,0.5833333333333334
400,0.8125,18.126020744439842,Data splitting,0.5555555555555556
400,0.875,9.127687088780965,Naive,0.6666666666666665
400,0.9038461538461539,12.532501172845894,MLE,0.608695652173913
400,0.8125,16.16984007069393,Data splitting,0.5714285714285715
400,0.8333333333333334,9.085117259082258,Naive,0.7499999999999999
400,0.868421052631579,12.447199346052775,MLE,0.48275862068965514
400,0.9642857142857143,16.578607914107323,Data splitting,0.47058823529411764
400,0.8409090909090909,10.010660121206747,Naive,0.6666666666666666
400,0.9642857142857143,12.800681990437072,MLE,0.41666666666666663
400,0.875,17.698913984625776,Data splitting,0.5
400,0.8611111111111112,9.2793610332672,Naive,0.631578947368421
400,0.7678571428571429,12.666921117899616,MLE,0.41666666666666663
400,0.9583333333333334,16.21531998454755,Data splitting,0.37499999999999994
400,0.8125,9.168078908958488,Naive,0.4444444444444445
400,0.9333333333333333,12.690776530471627,MLE,0.56
400,1.0,17.22622782208944,Data splitting,0.5555555555555556
400,0.9166666666666666,9.194011218668647,Naive,0.7368421052631577
400,0.8928571428571429,12.977609937959814,MLE,0.5833333333333334
400,0.8928571428571429,16.965423909281373,Data splitting,0.588235294117647
400,0.84375,9.347558815958921,Naive,0.4444444444444445
400,0.9166666666666666,13.024018553163364,MLE,0.32
400,0.875,17.033730801861342,Data splitting,0.4444444444444445
400,0.8125,8.958942206333939,Naive,0.4444444444444445
400,0.8863636363636364,13.00045970700927,MLE,0.6666666666666666
400,0.9375,14.817328048665097,Data splitting,0.28571428571428575
400,0.9166666666666666,9.119197903735708,Naive,0.7499999999999999
400,0.9038461538461539,12.716161255591196,MLE,0.4347826086956522
400,0.78125,17.900957308456334,Data splitting,0.4444444444444445
400,0.84375,9.49288317604437,Naive,0.6666666666666665
400,0.9107142857142857,12.408275483603884,MLE,0.5
400,0.95,15.61630119716811,Data splitting,0.4
400,1.0,9.212547297500844,Naive,0.7058823529411764
400,0.9615384615384616,12.399005500000307,MLE,0.7826086956521738
400,0.875,23.903950617752905,Data splitting,0.7
400,0.9642857142857143,9.606783554610118,Naive,0.8235294117647058
400,1.0,12.72520541077431,MLE,0.4444444444444445
400,0.625,17.467199238624357,Data splitting,0.625
400,1.0,8.492022224316207,Naive,0.6666666666666666
400,0.8541666666666666,12.730440023035692,MLE,0.45454545454545453
400,0.9166666666666666,14.065506144421754,Data splitting,0.30769230769230765
400,0.9,8.461137126192972,Naive,0.5333333333333333
400,0.8676470588235294,12.886503314947475,MLE,0.4444444444444445
400,0.9722222222222222,18.80487660464242,Data splitting,0.5263157894736842
400,0.9090909090909091,9.853904219961965,Naive,0.761904761904762
400,0.9230769230769231,12.596258727096968,MLE,0.5217391304347826
400,0.90625,18.44250948932465,Data splitting,0.5555555555555556
400,0.8125,10.660252773420604,Naive,0.6363636363636365
400,0.8928571428571429,13.052468156482153,MLE,0.5833333333333334
400,0.75,25.739576830210922,Data splitting,0.5217391304347826
400,0.9772727272727273,9.956517154017472,Naive,0.5714285714285713
400,0.9615384615384616,12.881204002519555,MLE,0.5217391304347826
400,0.90625,17.709346793910036,Data splitting,0.5555555555555556
400,0.9375,9.13417882616398,Naive,0.5555555555555556
400,0.9264705882352942,12.80863731846319,MLE,0.4444444444444445
400,0.8888888888888888,18.278768271039606,Data splitting,0.4210526315789474
400,0.9166666666666666,9.52498163682519,Naive,0.5263157894736842
400,0.9285714285714286,13.030399159075346,MLE,0.25
400,0.8928571428571429,17.500782045503406,Data splitting,0.47058823529411764
400,0.8541666666666666,10.235512031701463,Naive,0.6363636363636365
400,0.8571428571428571,12.559943305186987,MLE,0.41666666666666663
400,1.0,16.805994689162496,Data splitting,0.588235294117647
400,0.9285714285714286,9.004406765966477,Naive,0.47058823529411764
400,0.9107142857142857,12.897318955669514,MLE,0.5833333333333334
400,0.90625,18.092691157301715,Data splitting,0.33333333333333326
400,0.9642857142857143,8.996427985096338,Naive,0.588235294117647
400,0.9,12.845527129807396,MLE,0.48
400,0.8055555555555556,18.31993694885652,Data splitting,0.631578947368421
400,0.8214285714285714,9.040413312380714,Naive,0.588235294117647
400,0.8421052631578947,12.72029763606692,MLE,0.48275862068965514
400,0.9444444444444444,20.349708080783426,Data splitting,0.7368421052631577
400,0.8055555555555556,10.297148474388544,Naive,0.7368421052631577
400,0.875,12.870266282020964,MLE,0.3636363636363636
400,0.8214285714285714,19.604845135510185,Data splitting,0.47058823529411764
400,0.75,9.731190576633768,Naive,0.5555555555555556
400,0.8611111111111112,12.953078413446649,MLE,0.5
400,0.9375,17.93941624127764,Data splitting,0.5555555555555556
400,0.85,9.74006918238175,Naive,0.6
400,0.95,12.825732247169462,MLE,0.56
400,0.9642857142857143,16.565538859400085,Data splitting,0.588235294117647
400,1.0,9.32586342195954,Naive,0.8421052631578948
400,0.875,12.82039095977743,MLE,0.6666666666666666
400,0.8571428571428571,18.30150147746185,Data splitting,0.588235294117647
400,0.8125,9.454782486869336,Naive,0.6666666666666665
400,0.9166666666666666,12.917973872085817,MLE,0.48
400,0.8333333333333334,16.736753873204353,Data splitting,0.7499999999999999
400,0.8571428571428571,8.845416962321417,Naive,0.588235294117647
400,0.90625,13.079143111528499,MLE,0.3076923076923077
400,0.78125,19.187406796680712,Data splitting,0.33333333333333326
400,0.9,9.665663146460236,Naive,0.5
400,0.8823529411764706,12.985269439400769,MLE,0.5185185185185185
400,0.8333333333333334,18.512283021521593,Data splitting,0.5
400,0.78125,9.536101105169875,Naive,0.5555555555555556
400,0.9166666666666666,12.771210515036856,MLE,0.7272727272727272
400,0.9,16.161968390643334,Data splitting,0.5333333333333333
400,0.8611111111111112,9.54232411568772,Naive,0.8421052631578948
400,0.8541666666666666,12.649923820991063,MLE,0.5454545454545454
400,0.875,15.054270888806162,Data splitting,0.4285714285714285
400,0.8214285714285714,9.17012689124581,Naive,0.7058823529411764
400,0.9807692307692307,13.13510275659193,MLE,0.4347826086956522
400,1.0,13.752761630683656,Data splitting,0.15384615384615383
400,0.8928571428571429,8.630950261840457,Naive,0.47058823529411764
400,0.8958333333333334,12.585427369350773,MLE,0.7272727272727272
400,0.9,19.161117899909424,Data splitting,0.7
400,0.8541666666666666,10.183805906053506,Naive,0.8181818181818182
400,0.8958333333333334,12.744553757282425,MLE,0.6363636363636365
400,0.7857142857142857,18.162686032183423,Data splitting,0.588235294117647
400,0.7916666666666666,8.964913420987997,Naive,0.5
400,0.8653846153846154,12.675883420947628,MLE,0.608695652173913
400,0.90625,19.34338171499415,Data splitting,0.5555555555555556
400,0.8611111111111112,9.903204771624285,Naive,0.7368421052631577
400,0.9117647058823529,12.494053825101801,MLE,0.5185185185185185
400,0.8,15.94675710713776,Data splitting,0.4
400,0.8125,9.633229302832483,Naive,0.6666666666666665
400,0.8076923076923077,12.95830303213912,MLE,0.2608695652173913
400,0.75,14.667179350077491,Data splitting,0.28571428571428575
400,0.9375,8.139518304981346,Naive,0.28571428571428575
400,0.7,12.208212156456614,MLE,0.6
400,0.9166666666666666,17.011074905812183,Data splitting,0.625
400,0.5714285714285714,9.395438809597593,Naive,0.7058823529411764
400,0.8823529411764706,13.146928253490996,MLE,0.37037037037037035
400,0.8125,20.26202502544249,Data splitting,0.4444444444444445
400,0.8,10.725230637871217,Naive,0.6
400,0.9107142857142857,12.52095357958672,MLE,0.5833333333333334
400,0.9642857142857143,18.197209619468026,Data splitting,0.588235294117647
400,0.8055555555555556,9.71597449605301,Naive,0.5263157894736842
400,0.8888888888888888,12.994302257890757,MLE,0.5
400,0.8571428571428571,18.719777077563325,Data splitting,0.588235294117647
400,0.875,9.880484173318465,Naive,0.8000000000000002
400,0.9166666666666666,12.754641274268772,MLE,0.5454545454545454
400,1.0,16.60295241889892,Data splitting,0.625
400,1.0,9.049248363529028,Naive,0.7058823529411764
400,0.96875,12.531570596297374,MLE,0.5555555555555556
400,0.75,14.597979324783308,Data splitting,0.4615384615384615
400,0.8333333333333334,9.147692857524174,Naive,0.625
400,0.875,12.425088685927134,MLE,0.38461538461538464
400,0.8214285714285714,17.421625240998814,Data splitting,0.3529411764705882
400,0.725,9.724505748267806,Naive,0.6
400,0.8970588235294118,13.041009715056461,MLE,0.5185185185185185
400,0.90625,17.429201100219267,Data splitting,0.4444444444444445
400,0.9166666666666666,9.524900993200696,Naive,0.7368421052631577
400,0.9615384615384616,12.624778743180222,MLE,0.6956521739130435
400,0.8214285714285714,18.820015406559357,Data splitting,0.47058823529411764
400,0.9444444444444444,9.589118910504636,Naive,0.7368421052631577
400,0.9230769230769231,12.983009038228861,MLE,0.4347826086956522
400,0.8,24.069889614073553,Data splitting,0.6
400,0.85,10.393127165162868,Naive,0.7
400,0.9,12.811350577200123,MLE,0.48
400,0.9642857142857143,18.93210346306594,Data splitting,0.588235294117647
400,0.9642857142857143,9.315009498925917,Naive,0.7058823529411764
400,0.875,12.678441957988863,MLE,0.5
400,0.9166666666666666,15.964876626884921,Data splitting,0.25
400,0.9642857142857143,8.855805383556033,Naive,0.588235294117647
400,0.8035714285714286,13.031879451379908,MLE,0.41666666666666663
400,0.7857142857142857,18.339993729658122,Data splitting,0.47058823529411764
400,0.8636363636363636,10.30123160877272,Naive,0.6666666666666666
400,0.9375,12.34065780675249,MLE,0.5454545454545454
400,0.8541666666666666,22.75451100622762,Data splitting,0.5454545454545454
400,0.875,9.705555412044765,Naive,0.8000000000000002
400,0.8125,12.574521098715643,MLE,0.38461538461538464
400,0.875,20.730312978410115,Data splitting,0.5
400,0.7222222222222222,9.779657140917152,Naive,0.631578947368421
400,0.8461538461538461,12.411226952206546,MLE,0.4347826086956522
400,0.71875,19.441066139930157,Data splitting,0.4444444444444445
400,0.84375,9.510169171443309,Naive,0.6666666666666665
400,0.8181818181818182,12.470653708373327,MLE,0.5714285714285713
400,0.6785714285714286,22.44551840309476,Data splitting,0.7058823529411764
400,0.725,10.940680834974199,Naive,0.6
400,0.8653846153846154,12.712731537278636,MLE,0.6956521739130435
400,0.95,16.258649662668816,Data splitting,0.6666666666666666
400,0.75,9.317734863385194,Naive,0.7058823529411764
400,0.8541666666666666,12.846939626684152,MLE,0.45454545454545453
400,0.9166666666666666,15.906685978524257,Data splitting,0.37499999999999994
400,0.875,9.271743550065413,Naive,0.6666666666666665
400,0.8472222222222222,12.32790566659246,MLE,0.5714285714285714
400,0.8333333333333334,16.718370037303345,Data splitting,0.625
400,0.95,9.871485760430364,Naive,0.8000000000000002
400,0.8958333333333334,12.474748470661224,MLE,0.7272727272727272
400,0.925,21.230150054313214,Data splitting,0.8000000000000002
400,0.9285714285714286,9.41045582157655,Naive,0.8235294117647058
400,0.95,12.760894289683709,MLE,0.4000000000000001
400,0.9166666666666666,16.08728400806055,Data splitting,0.37499999999999994
400,0.85,9.643682164137644,Naive,0.5
400,0.8571428571428571,12.338239136304939,MLE,0.6666666666666666
400,0.8333333333333334,20.822924918220384,Data splitting,0.7368421052631577
400,0.84375,10.021151373355277,Naive,0.888888888888889
400,0.875,13.462290205178991,MLE,0.6153846153846154
400,0.9444444444444444,18.901196118666448,Data splitting,0.4210526315789474
400,0.8461538461538461,10.468854429501194,Naive,0.6956521739130435
400,0.8,12.563141014234827,MLE,0.5
400,0.7142857142857143,18.10800570326,Data splitting,0.47058823529411764
400,0.75,8.4248374664391,Naive,0.5714285714285715
400,0.90625,12.792765604278411,MLE,0.4615384615384615
400,0.8541666666666666,20.86507170077849,Data splitting,0.3636363636363636
400,0.825,9.407000091296227,Naive,0.5
400,0.9107142857142857,12.988289565101413,MLE,0.5833333333333334
400,0.8863636363636364,23.991461702991106,Data splitting,0.5714285714285713
400,0.875,10.884192730519871,Naive,0.7272727272727272
400,0.9375,12.886329888460983,MLE,0.45454545454545453
400,0.95,16.117719472562854,Data splitting,0.4
400,0.8181818181818182,9.87200122905968,Naive,0.6666666666666666
400,0.8958333333333334,12.49966193986589,MLE,0.5454545454545454
400,0.8333333333333334,17.196365185522367,Data splitting,0.37499999999999994
400,0.75,9.368593114117195,Naive,0.47058823529411764
400,0.875,12.183711170027083,MLE,0.5833333333333334
400,0.8125,21.65711850537044,Data splitting,0.888888888888889
400,0.8055555555555556,10.439511337995405,Naive,0.9473684210526316
400,0.8472222222222222,12.174154211684076,MLE,0.5714285714285714
400,0.85,21.20397205804248,Data splitting,0.7
400,0.875,10.147450724557274,Naive,0.8000000000000002
400,0.8846153846153846,12.539732535713513,MLE,0.6956521739130435
400,0.7857142857142857,16.616429292427423,Data splitting,0.47058823529411764
400,0.8125,9.259941007227756,Naive,0.5555555555555556
400,0.7916666666666666,12.541521087760193,MLE,0.3636363636363636
400,1.0,14.63983923858839,Data splitting,0.4285714285714285
400,0.9,8.50068294315091,Naive,0.4
400,0.9375,12.77263509757229,MLE,0.4444444444444445
400,0.7,17.38209216198157,Data splitting,0.5333333333333333
400,0.75,8.632057948783034,Naive,0.5333333333333333
400,0.9285714285714286,12.834183553484719,MLE,0.5
400,0.8125,18.56702228948354,Data splitting,0.4444444444444445
400,0.875,8.859944013631235,Naive,0.625
400,0.925,12.844363831457391,MLE,0.5
400,0.8571428571428571,18.062946335940264,Data splitting,0.588235294117647
400,0.875,9.368238986073344,Naive,0.6666666666666665
400,0.90625,12.741472209510107,MLE,0.4444444444444445
400,0.875,15.262469166107687,Data splitting,0.28571428571428575
400,0.8571428571428571,9.01814657246506,Naive,0.47058823529411764
400,0.9423076923076923,12.732816793361694,MLE,0.6956521739130435
400,0.75,17.017709595876532,Data splitting,0.5333333333333333
400,0.9642857142857143,9.484605950325207,Naive,0.8235294117647058
400,0.8461538461538461,13.07239171643017,MLE,0.34782608695652173
400,0.8214285714285714,17.211588892183375,Data splitting,0.3529411764705882
400,0.9166666666666666,8.882716792123382,Naive,0.37499999999999994
400,0.8958333333333334,12.83852499595894,MLE,0.45454545454545453
400,0.75,17.87250596936833,Data splitting,0.3529411764705882
400,0.85,9.665833958250534,Naive,0.6
400,0.8653846153846154,12.668262933458301,MLE,0.5217391304347826
400,0.78125,18.67808104221203,Data splitting,0.5555555555555556
400,0.75,9.909912758391982,Naive,0.5714285714285713
400,0.8529411764705882,12.899640376264308,MLE,0.5185185185185185
400,0.8888888888888888,19.946950541197467,Data splitting,0.631578947368421
400,0.90625,9.578535182432296,Naive,0.6666666666666665
400,0.78125,12.398762532285835,MLE,0.38461538461538464
400,0.9166666666666666,16.546287445069144,Data splitting,0.37499999999999994
400,0.7777777777777778,9.718016470371367,Naive,0.5263157894736842
400,0.8970588235294118,13.07984764456175,MLE,0.4444444444444445
400,0.9285714285714286,18.587866170240268,Data splitting,0.47058823529411764
400,0.9107142857142857,11.38438916201844,Naive,0.6666666666666666
400,0.9791666666666666,12.693556124206893,MLE,0.2727272727272727
400,0.875,15.437424451719215,Data splitting,0.4285714285714285
400,0.9,8.395017685231224,Naive,0.4
400,0.8653846153846154,12.724536310450032,MLE,0.34782608695652173
400,0.875,16.892224522604746,Data splitting,0.37499999999999994
400,0.8214285714285714,9.038624146003691,Naive,0.47058823529411764
400,0.875,13.068070347867133,MLE,0.45454545454545453
400,0.8333333333333334,13.850780217044187,Data splitting,0.30769230769230765
400,0.9285714285714286,8.736323770957233,Naive,0.588235294117647
400,0.825,12.55343653895638,MLE,0.4666666666666667
400,0.8,20.74881299792745,Data splitting,0.5
400,0.95,9.942940322516618,Naive,0.7
400,0.95,12.77067109492407,MLE,0.32
400,0.9,15.559209159138163,Data splitting,0.4
400,0.9,9.366167983054094,Naive,0.6
400,0.9375,12.569004749218145,MLE,0.6153846153846154
400,0.5833333333333334,18.87213522290344,Data splitting,0.5
400,0.925,9.703027232644356,Naive,0.7
400,0.9722222222222222,12.594005078253026,MLE,0.631578947368421
400,0.9642857142857143,16.371463217353355,Data splitting,0.47058823529411764
400,0.875,9.61320889060448,Naive,0.7
400,0.875,12.27118187457343,MLE,0.5
400,0.9166666666666666,16.72818567015114,Data splitting,0.625
400,0.7857142857142857,9.354066962806224,Naive,0.588235294117647
400,0.8421052631578947,12.274018914963989,MLE,0.6206896551724138
400,0.78125,19.165286034578394,Data splitting,0.888888888888889
400,0.875,9.927231888905903,Naive,0.9
400,0.9583333333333334,12.764281418001778,MLE,0.5454545454545454
400,0.9166666666666666,14.150078222334225,Data splitting,0.4615384615384615
400,0.9,8.484122388295276,Naive,0.6666666666666666
400,0.8472222222222222,12.52967741438117,MLE,0.35714285714285715
400,0.8928571428571429,17.38254969387976,Data splitting,0.7058823529411764
400,0.75,10.311975606632764,Naive,0.47619047619047616
400,0.9615384615384616,12.681643828606175,MLE,0.5217391304347826
400,0.8571428571428571,17.899329236411308,Data splitting,0.588235294117647
400,0.9166666666666666,9.052693257242206,Naive,0.625
400,0.7368421052631579,12.472737217914927,MLE,0.41379310344827586
400,1.0,17.87305175654635,Data splitting,0.588235294117647
400,0.8055555555555556,9.737129899797772,Naive,0.5263157894736842
400,0.8653846153846154,13.194749892220955,MLE,0.4347826086956522
400,0.9375,20.89772080613485,Data splitting,0.1818181818181818
400,0.75,10.012454770538675,Naive,0.380952380952381
400,0.8166666666666667,13.208328438342024,MLE,0.64
400,0.9166666666666666,16.600451453718268,Data splitting,0.37499999999999994
400,0.7857142857142857,9.404851316325162,Naive,0.47058823529411764
400,0.8846153846153846,13.094033525251506,MLE,0.34782608695652173
400,0.5961538461538461,48.1382485272766,Data splitting,0.4347826086956522
400,0.8392857142857143,11.548353085663766,Naive,0.5
400,0.9423076923076923,12.837161824288868,MLE,0.34782608695652173
400,0.7142857142857143,18.96669518162381,Data splitting,0.588235294117647
400,0.9285714285714286,9.140679231918336,Naive,0.47058823529411764
400,0.8076923076923077,12.266612985149452,MLE,0.5217391304347826
400,0.75,20.339087472183234,Data splitting,0.5263157894736842
400,0.71875,9.723532179714361,Naive,0.6666666666666665
400,0.9545454545454546,12.656343370730958,MLE,0.47619047619047616
400,1.0,15.638746352174449,Data splitting,0.4285714285714285
400,0.825,9.901935240769454,Naive,0.6
400,0.7619047619047619,13.21080743617216,MLE,0.3225806451612903
400,0.8863636363636364,22.450941976364252,Data splitting,0.380952380952381
400,0.7166666666666667,11.778843596594271,Naive,0.48
400,0.9545454545454546,12.61170270854305,MLE,0.6666666666666666
400,0.7777777777777778,20.608373663594804,Data splitting,0.8421052631578948
400,0.9444444444444444,9.959895236030633,Naive,0.9473684210526316
400,0.890625,12.473930782163855,MLE,0.4615384615384615
400,0.875,15.843925301392739,Data splitting,0.5
400,0.75,9.700951346364258,Naive,0.7368421052631577
400,0.8863636363636364,12.784597886490287,MLE,0.47619047619047616
400,1.0,12.83674931109662,Data splitting,0.33333333333333337
400,0.95,8.622522250539111,Naive,0.5333333333333333
400,0.8382352941176471,12.76074705769167,MLE,0.37037037037037035
400,0.9,15.443723336629438,Data splitting,0.4
400,0.9444444444444444,9.406527320464589,Naive,0.7368421052631577
400,0.9375,12.894081994705974,MLE,0.22222222222222224
400,0.5,17.68105711697522,Data splitting,0.26666666666666666
400,0.8,8.575122779639608,Naive,0.4
400,0.9264705882352942,12.926006970155713,MLE,0.37037037037037035
400,0.875,19.350993310422872,Data splitting,0.3
400,0.875,9.491749204497163,Naive,0.4000000000000001
400,0.9,12.605824817392094,MLE,0.48
400,0.9722222222222222,17.749123313250987,Data splitting,0.4210526315789474
400,0.8333333333333334,10.305479505989839,Naive,0.7272727272727272
400,0.9318181818181818,11.965827525070159,MLE,0.8571428571428572
400,0.84375,20.02201788689966,Data splitting,0.7777777777777777
400,0.9090909090909091,10.76227128335902,Naive,0.9523809523809523
400,0.9423076923076923,12.853758226558321,MLE,0.4347826086956522
400,0.90625,18.62655685215148,Data splitting,0.22222222222222224
400,0.8125,9.032040442468439,Naive,0.33333333333333326
400,0.9375,12.563348121368515,MLE,0.45454545454545453
400,0.9583333333333334,16.32669304392021,Data splitting,0.5
400,0.875,9.300332886509537,Naive,0.6666666666666665
400,0.8529411764705882,12.623246344420027,MLE,0.6666666666666667
400,1.0,17.739448378096377,Data splitting,0.6666666666666665
400,0.825,9.496908212973825,Naive,0.8000000000000002
400,0.8928571428571429,12.996314435777167,MLE,0.5833333333333334
400,0.7916666666666666,17.795409841950377,Data splitting,0.5
400,0.8055555555555556,9.794036071725076,Naive,0.9473684210526316
400,0.9166666666666666,12.886080532726949,MLE,0.4210526315789474
400,0.75,15.18082338463442,Data splitting,0.4615384615384615
400,0.8888888888888888,9.653489693795251,Naive,0.7368421052631577
400,0.8970588235294118,12.808014803970641,MLE,0.5185185185185185
400,0.7777777777777778,18.622574713892448,Data splitting,0.5263157894736842
400,0.7692307692307693,10.613870440664568,Naive,0.6956521739130435
400,0.90625,12.935154403372223,MLE,0.6153846153846154
400,0.6428571428571429,20.16359729235715,Data splitting,0.3529411764705882
400,1.0,9.240785475999063,Naive,0.588235294117647
400,0.8625,12.867974436209995,MLE,0.5333333333333333
400,0.9285714285714286,18.45343108652377,Data splitting,0.588235294117647
400,0.775,10.265056334397855,Naive,0.7
400,0.9772727272727273,12.682957967400005,MLE,0.47619047619047616
400,0.8,16.267821318324405,Data splitting,0.4
400,0.9166666666666666,7.752351213035563,Naive,0.4615384615384615
400,0.8676470588235294,12.786711336744636,MLE,0.5185185185185185
400,0.85,15.59058536159053,Data splitting,0.26666666666666666
400,0.9166666666666666,8.714428367518648,Naive,0.5
400,0.7777777777777778,12.77045852222127,MLE,0.4210526315789474
400,0.8333333333333334,16.680536355844342,Data splitting,0.625
400,0.8055555555555556,9.603969633608735,Naive,0.631578947368421
400,0.8214285714285714,12.57019548221075,MLE,0.41666666666666663
400,0.9166666666666666,13.900773947983986,Data splitting,0.15384615384615383
400,0.825,9.703415301105963,Naive,0.6
400,0.8958333333333334,12.941124551402291,MLE,0.45454545454545453
400,0.7954545454545454,25.71365369833844,Data splitting,0.761904761904762
400,0.8611111111111112,10.13995510495833,Naive,0.631578947368421
400,0.75,12.251607114445111,MLE,0.6666666666666667
400,1.0,15.68452296822411,Data splitting,0.4
400,0.625,10.730945032046161,Naive,0.8000000000000002
400,0.925,13.072577803849327,MLE,0.3
400,0.875,15.959313664182494,Data splitting,0.5714285714285715
400,0.9,8.50828746507656,Naive,0.5333333333333333
400,0.8382352941176471,13.042681718174837,MLE,0.4444444444444445
400,0.95,20.201441995024748,Data splitting,0.5
400,0.7916666666666666,10.140728216240529,Naive,0.5454545454545454
400,0.8125,12.597908510898222,MLE,0.4444444444444445
400,0.875,15.085020967899013,Data splitting,0.4285714285714285
400,0.9375,8.119158506449693,Naive,0.5714285714285715
400,0.95,12.776388566256006,MLE,0.48
400,0.8611111111111112,18.645485195369787,Data splitting,0.631578947368421
400,0.85,9.577053549919711,Naive,0.6
400,0.9230769230769231,12.392572663178488,MLE,0.5217391304347826
400,0.84375,18.655892720999503,Data splitting,0.6666666666666665
400,0.8571428571428571,9.112027718087264,Naive,0.7058823529411764
400,0.7105263157894737,12.791246914742528,MLE,0.5517241379310345
400,0.8125,22.533167050128657,Data splitting,0.5454545454545454
400,0.7777777777777778,9.755775719586065,Naive,0.5263157894736842
400,0.9411764705882353,12.998693195438264,MLE,0.4444444444444445
400,0.875,15.259191225612476,Data splitting,0.28571428571428575
400,0.9,8.503423298292624,Naive,0.4
400,0.9264705882352942,12.698471899967966,MLE,0.5925925925925927
400,0.8888888888888888,19.38234888238701,Data splitting,0.7368421052631577
400,0.825,10.505924233818195,Naive,0.7
400,0.8214285714285714,12.848917999516932,MLE,0.3333333333333333
400,1.0,16.52631449145512,Data splitting,0.4
400,0.9285714285714286,9.163610178571542,Naive,0.7058823529411764
400,0.95,13.018132333901999,MLE,0.32
400,0.8055555555555556,19.48139028058906,Data splitting,0.631578947368421
400,0.875,9.593542632647948,Naive,0.7
400,0.8846153846153846,12.93563694952915,MLE,0.4347826086956522
400,0.8636363636363636,24.403495616235773,Data splitting,0.380952380952381
400,0.8888888888888888,9.997791252328298,Naive,0.4210526315789474
400,0.8888888888888888,13.03434805096752,MLE,0.7368421052631577
400,1.0,13.658844117891789,Data splitting,0.15384615384615383
400,0.875,8.88859215371855,Naive,0.7499999999999999
400,0.9333333333333333,13.190892319346307,MLE,0.56
400,0.8611111111111112,19.592109189988136,Data splitting,0.5263157894736842
400,0.8571428571428571,9.432628351158911,Naive,0.8235294117647058
400,0.875,12.412872372284875,MLE,0.7272727272727272
400,0.9,21.53820539691595,Data splitting,0.9
400,0.85,10.379882901313536,Naive,0.9
400,0.9285714285714286,12.571236681068878,MLE,0.5833333333333334
400,0.75,17.566667652311015,Data splitting,0.3529411764705882
400,0.90625,9.19121600821949,Naive,0.5555555555555556
400,0.8863636363636364,12.32819088280709,MLE,0.5714285714285713
400,0.875,18.41407943899158,Data splitting,0.5555555555555556
400,0.8125,9.558015989451192,Naive,0.5555555555555556
400,0.9722222222222222,12.274934947198211,MLE,0.631578947368421
400,0.8571428571428571,16.78793280687196,Data splitting,0.588235294117647
400,0.9285714285714286,9.127658137839944,Naive,0.7058823529411764
400,0.953125,13.307890961690362,MLE,0.5384615384615384
400,0.9444444444444444,18.078029269208894,Data splitting,0.7368421052631577
400,0.8125,9.231211754557307,Naive,0.6666666666666665
400,0.9107142857142857,12.682527209985974,MLE,0.5
400,0.8928571428571429,18.182023898997045,Data splitting,0.47058823529411764
400,0.8055555555555556,9.684008431431428,Naive,0.631578947368421
400,0.7794117647058824,13.349690354148867,MLE,0.5185185185185185
400,0.925,24.81109715629278,Data splitting,0.7
400,0.9318181818181818,11.117703842441399,Naive,0.5714285714285713
400,0.8611111111111112,13.156722615302787,MLE,0.42857142857142855
400,0.9375,14.646883994435388,Data splitting,0.28571428571428575
400,0.85,9.497677565737856,Naive,0.5
400,0.875,12.688349022482017,MLE,0.5555555555555556
400,1.0,14.883449683801478,Data splitting,0.4285714285714285
400,0.95,8.515985815076595,Naive,0.5333333333333333
400,0.9,12.334686683047142,MLE,0.4000000000000001
400,0.75,17.75398434324844,Data splitting,0.47058823529411764
400,0.59375,9.598110729186754,Naive,0.6666666666666665
400,0.875,12.304374689461408,MLE,0.5
400,0.75,16.48491847599471,Data splitting,0.5714285714285715
400,0.6071428571428571,9.281546855685127,Naive,0.588235294117647
400,0.9285714285714286,13.434899660015512,MLE,0.5
400,0.90625,19.67699398432484,Data splitting,0.6666666666666665
400,0.9166666666666666,9.969487486860716,Naive,0.5454545454545454
400,0.7205882352941176,13.060782285289253,MLE,0.5925925925925927
400,0.9,27.72878641701982,Data splitting,0.6
400,0.8541666666666666,11.002551546056011,Naive,0.6363636363636365
400,0.85,12.513954316584268,MLE,0.4
400,0.75,17.991129300341804,Data splitting,0.22222222222222224
400,0.8611111111111112,9.459767469847286,Naive,0.631578947368421
400,0.7205882352941176,12.250224136546905,MLE,0.6666666666666667
400,0.75,18.576133729684102,Data splitting,0.4444444444444445
400,0.7222222222222222,9.733421445255566,Naive,0.631578947368421
400,0.8846153846153846,12.951406828618845,MLE,0.34782608695652173
400,0.96875,17.12185348320273,Data splitting,0.6666666666666665
400,0.825,9.64405648096685,Naive,0.5
400,0.8166666666666667,12.98614749468379,MLE,0.48
400,0.8333333333333334,19.970775139016467,Data splitting,0.5263157894736842
400,0.925,9.760775425119716,Naive,0.7
400,0.9464285714285714,13.035818705836428,MLE,0.5833333333333334
400,0.6875,30.006144158919913,Data splitting,0.6363636363636365
400,0.8055555555555556,9.986518169634511,Naive,0.7368421052631577
400,0.9,13.043516097942314,MLE,0.48
400,0.8125,18.270495623422875,Data splitting,0.22222222222222224
400,0.9,8.377803433717748,Naive,0.5333333333333333
400,0.9166666666666666,12.563893194679776,MLE,0.6363636363636365
400,1.0,18.00280123695619,Data splitting,0.7058823529411764
400,0.90625,9.538833158601065,Naive,0.6666666666666665
400,0.875,12.84846694870814,MLE,0.6153846153846154
400,0.9583333333333334,16.801343607583302,Data splitting,0.5
400,0.9166666666666666,9.508182288873378,Naive,0.8421052631578948
400,0.8833333333333333,12.537204486626258,MLE,0.56
400,0.9444444444444444,18.570490502303812,Data splitting,0.7368421052631577
400,0.7727272727272727,10.357284382777014,Naive,0.6666666666666666
400,0.84375,12.80736566580851,MLE,0.3076923076923077
400,0.875,20.433950718788715,Data splitting,0.4000000000000001
400,0.8636363636363636,9.754037589294452,Naive,0.47619047619047616
400,0.8611111111111112,12.965979415525172,MLE,0.5
400,0.9285714285714286,17.387419707678287,Data splitting,0.47058823529411764
400,0.90625,9.231477424575768,Naive,0.6666666666666665
400,0.9090909090909091,12.59381694753493,MLE,0.380952380952381
400,1.0,15.654162300703632,Data splitting,0.5
400,0.85,9.688268895454865,Naive,0.7
400,0.8055555555555556,12.371128558796213,MLE,0.631578947368421
400,1.0,15.726276241183143,Data splitting,0.6666666666666666
400,0.75,9.655192345990674,Naive,0.6666666666666665
400,0.9615384615384616,12.7758233048483,MLE,0.6956521739130435
400,0.8125,18.708126340422545,Data splitting,0.5555555555555556
400,0.8611111111111112,9.776377500994116,Naive,0.631578947368421
400,0.9464285714285714,12.89855855345266,MLE,0.41666666666666663
400,1.0,16.375274664085968,Data splitting,0.125
400,0.8636363636363636,9.71354740412234,Naive,0.47619047619047616
400,0.8382352941176471,12.83806809758399,MLE,0.37037037037037035
400,0.8571428571428571,17.74269961604059,Data splitting,0.3529411764705882
400,0.825,9.72768949650251,Naive,0.4000000000000001
400,0.8666666666666667,12.81934987615234,MLE,0.64
400,0.85,15.841081400761876,Data splitting,0.26666666666666666
400,0.9318181818181818,9.517047571028394,Naive,0.761904761904762
400,0.828125,12.744698039372818,MLE,0.5384615384615384
400,0.85,16.48406121270058,Data splitting,0.4
400,0.8888888888888888,9.591639590164494,Naive,0.7368421052631577
400,0.828125,12.51732519091366,MLE,0.5384615384615384
400,0.9166666666666666,18.358366259501622,Data splitting,0.5263157894736842
400,0.9166666666666666,9.602821230658655,Naive,0.7368421052631577
400,0.8875,13.225943050549148,MLE,0.6
400,0.9,16.6651007903232,Data splitting,0.4
400,0.875,9.537365890652298,Naive,0.6666666666666665
400,0.8833333333333333,12.697325349652797,MLE,0.48
400,0.95,15.640871919331317,Data splitting,0.6666666666666666
400,0.7954545454545454,9.866170770229841,Naive,0.5714285714285713
400,0.8833333333333333,13.40176327918827,MLE,0.48
400,0.8409090909090909,24.291953051904496,Data splitting,0.5714285714285713
400,0.875,11.070081978983415,Naive,0.6363636363636365
400,0.9583333333333334,12.815950294345754,MLE,0.5454545454545454
400,0.8541666666666666,22.77505676951189,Data splitting,0.5454545454545454
400,0.9722222222222222,9.639944807776978,Naive,0.7368421052631577
400,0.7708333333333334,12.578430186837332,MLE,0.6363636363636365
400,0.9,16.47694873838679,Data splitting,0.5333333333333333
400,0.6875,9.497958653588544,Naive,0.7777777777777777
400,0.8863636363636364,12.904045147872536,MLE,0.380952380952381
400,0.8,15.935720366562654,Data splitting,0.4
400,0.875,9.044722069370536,Naive,0.5
400,0.8333333333333334,12.638784142706205,MLE,0.45454545454545453
400,0.95,16.927758116112358,Data splitting,0.5333333333333333
400,0.8214285714285714,9.713334838140801,Naive,0.7058823529411764
400,0.9107142857142857,12.674913626293776,MLE,0.5
400,0.9,16.23372535451255,Data splitting,0.26666666666666666
400,0.6666666666666666,9.811683167261343,Naive,0.631578947368421
400,0.85,12.558541767989443,MLE,0.56
400,0.9642857142857143,17.05042851781908,Data splitting,0.588235294117647
400,0.8928571428571429,9.14902366036446,Naive,0.8235294117647058
400,0.9722222222222222,12.429908414218463,MLE,0.4210526315789474
400,0.9,16.268316062993485,Data splitting,0.4
400,1.0,8.721156253289744,Naive,0.625
400,0.9464285714285714,12.45114295991388,MLE,0.75
400,0.95,16.353184122215517,Data splitting,0.4
400,0.7954545454545454,10.360928764129307,Naive,0.761904761904762
400,0.859375,12.702824319555045,MLE,0.4615384615384615
400,0.8214285714285714,16.764906282045985,Data splitting,0.3529411764705882
400,0.875,9.370754347941784,Naive,0.6666666666666665
400,0.85,12.417230733610651,MLE,0.3
400,0.8125,14.792237896431512,Data splitting,0.4285714285714285
400,0.7727272727272727,9.772736659414042,Naive,0.47619047619047616
400,0.8611111111111112,12.937627686562037,MLE,0.35714285714285715
400,1.0,15.731495572157977,Data splitting,0.37499999999999994
400,0.90625,8.94707154111746,Naive,0.4444444444444445
400,0.8392857142857143,12.66048998592071,MLE,0.5833333333333334
400,0.625,22.850461449881386,Data splitting,0.6
400,0.6944444444444444,9.901194756981294,Naive,0.7368421052631577
400,0.9642857142857143,12.65194301718965,MLE,0.47058823529411764
400,0.875,15.707652327743261,Data splitting,0.5
400,0.7857142857142857,9.11871814969607,Naive,0.588235294117647
400,0.8666666666666667,12.860259782733712,MLE,0.4
400,0.9,16.871289886003456,Data splitting,0.5333333333333333
400,0.8928571428571429,8.898665760729626,Naive,0.588235294117647
400,0.8409090909090909,13.228598366698106,MLE,0.380952380952381
400,0.8611111111111112,19.68392591332952,Data splitting,0.5263157894736842
400,0.875,10.016209905762887,Naive,0.6363636363636365
400,0.9107142857142857,12.551333825266596,MLE,0.5833333333333334
400,0.8333333333333334,16.921887463163035,Data splitting,0.5
400,0.9,9.840155465608168,Naive,0.7
400,0.875,12.911774972689113,MLE,0.41666666666666663
400,1.0,15.116111577261144,Data splitting,0.14285714285714288
400,0.875,9.350711409437457,Naive,0.6
400,0.890625,13.003152910153696,MLE,0.6153846153846154
400,0.75,17.669885650131434,Data splitting,0.47058823529411764
400,0.84375,9.585076226857453,Naive,0.6666666666666665
400,0.85,13.311816398199763,MLE,0.32
400,0.875,14.948736942907898,Data splitting,0.4285714285714285
400,0.75,8.446028440487614,Naive,0.4
400,0.9166666666666666,12.72653863329227,MLE,0.3636363636363636
400,0.7857142857142857,18.70179767743321,Data splitting,0.3529411764705882
400,0.9642857142857143,8.921515318106161,Naive,0.47058823529411764
400,0.8653846153846154,12.81505300388447,MLE,0.608695652173913
400,0.9166666666666666,16.367709473644307,Data splitting,0.37499999999999994
400,0.9,9.946867581714688,Naive,0.7
400,0.875,12.725124262182636,MLE,0.4
400,0.95,20.219250155542923,Data splitting,0.7
400,0.7916666666666666,10.275800236108257,Naive,0.6363636363636365
400,0.8181818181818182,12.690019068492843,MLE,0.47619047619047616
400,0.7916666666666666,16.34744804911708,Data splitting,0.37499999999999994
400,0.8214285714285714,9.034910192816891,Naive,0.47058823529411764
400,0.84375,12.627868655493698,MLE,0.5555555555555556
400,0.875,17.819605860845588,Data splitting,0.5555555555555556
400,0.78125,9.820476687177509,Naive,0.6666666666666665
400,0.875,12.68651506906969,MLE,0.45454545454545453
400,0.95,15.157267212233828,Data splitting,0.4
400,1.0,8.988356121249984,Naive,0.7499999999999999
400,0.9615384615384616,12.497169995958185,MLE,0.4347826086956522
400,0.8,16.783625771140244,Data splitting,0.5333333333333333
400,0.875,9.796960078119085,Naive,0.5
400,0.9285714285714286,12.508910703560346,MLE,0.5833333333333334
400,0.96875,19.217826216816917,Data splitting,0.7777777777777777
400,0.90625,9.531072157704411,Naive,0.6666666666666665
400,0.7638888888888888,12.957247026086284,MLE,0.5714285714285714
400,0.875,20.755032919455633,Data splitting,0.6
400,0.75,10.7857239574453,Naive,0.75
400,0.9166666666666666,12.93668578692997,MLE,0.3636363636363636
400,0.9583333333333334,16.217023214277884,Data splitting,0.5
400,0.7857142857142857,9.1343110928753,Naive,0.47058823529411764
400,0.9861111111111112,13.125032650941373,MLE,0.21428571428571427
400,0.85,15.354798504982677,Data splitting,0.26666666666666666
400,0.8888888888888888,9.313066244269159,Naive,0.3157894736842105
400,0.9545454545454546,12.544243553904103,MLE,0.6666666666666666
400,0.625,24.052365803283486,Data splitting,0.5555555555555556
400,1.0,9.406380500438818,Naive,0.6666666666666665
400,0.9107142857142857,12.411311816927109,MLE,0.5
400,1.0,17.59109299578676,Data splitting,0.4444444444444445
400,0.8958333333333334,10.481367860711297,Naive,0.7272727272727272
400,0.8611111111111112,12.99623356847003,MLE,0.4210526315789474
400,0.7916666666666666,16.738356903220367,Data splitting,0.37499999999999994
400,0.8928571428571429,8.775998725933514,Naive,0.47058823529411764
400,0.8676470588235294,12.883029350826765,MLE,0.5185185185185185
400,0.8214285714285714,18.17629259712598,Data splitting,0.588235294117647
400,0.96875,9.487130998489551,Naive,0.7777777777777777
400,0.8382352941176471,12.515332711001697,MLE,0.5925925925925927
400,1.0,17.193777130462717,Data splitting,0.7058823529411764
400,0.8333333333333334,9.630850668607057,Naive,0.631578947368421
400,0.9318181818181818,12.841941967312964,MLE,0.380952380952381
400,0.825,20.8376450904136,Data splitting,0.5
400,0.8055555555555556,9.708504393501213,Naive,0.5263157894736842
400,0.9411764705882353,12.787542164724798,MLE,0.4444444444444445
400,0.9375,18.100897931582764,Data splitting,0.5555555555555556
400,0.96875,9.451439333460966,Naive,0.7777777777777777
400,0.8125,13.402202358567058,MLE,0.5333333333333333
400,0.825,20.28174707698801,Data splitting,0.6
400,0.7708333333333334,10.869669661369372,Naive,0.5454545454545454
400,0.8676470588235294,12.884672638449343,MLE,0.37037037037037035
400,0.875,17.092234734628114,Data splitting,0.625
400,0.875,9.647150159488229,Naive,0.6666666666666665
400,0.9285714285714286,12.713352209325677,MLE,0.5833333333333334
400,1.0,16.483975661012508,Data splitting,0.588235294117647
400,0.9642857142857143,9.239520078433959,Naive,0.7058823529411764
400,0.85,13.109106656829283,MLE,0.48
400,0.8571428571428571,18.97654800469605,Data splitting,0.8235294117647058
400,0.8333333333333334,10.102486573576016,Naive,0.7368421052631577
400,0.75,12.617498021749778,MLE,0.4666666666666667
400,1.0,18.1032513599652,Data splitting,0.33333333333333326
400,0.8611111111111112,9.737932563784037,Naive,0.631578947368421
400,0.8571428571428571,12.17458514388984,MLE,0.5
400,0.9285714285714286,18.456786488517462,Data splitting,0.588235294117647
400,0.6944444444444444,10.259633087458798,Naive,0.631578947368421
400,0.925,12.846939256759423,MLE,0.5
400,0.85,16.521710116606336,Data splitting,0.5333333333333333
400,0.9,9.749842671129915,Naive,0.6
400,0.796875,12.59811295184052,MLE,0.6153846153846154
400,0.8611111111111112,19.858452882059876,Data splitting,0.631578947368421
400,0.78125,9.865210181703643,Naive,0.6666666666666665
400,0.8095238095238095,13.328112674334271,MLE,0.3225806451612903
400,0.85,23.281206017986392,Data splitting,0.6
400,0.8333333333333334,11.950555101054341,Naive,0.56
400,0.9166666666666666,12.72451908989028,MLE,0.6363636363636365
400,0.9375,17.784741941384688,Data splitting,0.4444444444444445
400,0.84375,9.384072542554891,Naive,0.6666666666666665
400,0.8833333333333333,13.068635974300085,MLE,0.24
400,0.9583333333333334,16.009736649311698,Data splitting,0.37499999999999994
400,0.9,8.578612109012045,Naive,0.5333333333333333
400,0.8235294117647058,12.826663688538858,MLE,0.37037037037037035
400,0.9583333333333334,15.960512455767377,Data splitting,0.37499999999999994
400,0.85,8.363938486224557,Naive,0.5333333333333333
400,0.9615384615384616,13.003995340093452,MLE,0.5217391304347826
400,0.8333333333333334,14.588508408396171,Data splitting,0.30769230769230765
400,0.9444444444444444,9.77445702757624,Naive,0.7368421052631577
400,0.875,12.89361268700589,MLE,0.45454545454545453
400,1.0,16.769779339604227,Data splitting,0.4444444444444445
400,0.8333333333333334,9.37581164751996,Naive,0.5263157894736842
400,0.8125,13.586225725179041,MLE,0.5384615384615384
400,0.9230769230769231,29.194868683548375,Data splitting,0.5217391304347826
400,0.6875,11.318563758261403,Naive,0.6363636363636365
400,0.8928571428571429,12.69936377167721,MLE,0.5833333333333334
400,0.8125,22.259024457370828,Data splitting,0.6666666666666665
400,0.7,10.319511647684896,Naive,0.8000000000000002
400,0.8846153846153846,12.745600320225599,MLE,0.6956521739130435
400,0.825,20.002490464038594,Data splitting,0.8000000000000002
400,0.875,9.385263659334676,Naive,0.888888888888889
400,0.9375,12.63407420493662,MLE,0.5555555555555556
400,0.84375,19.632066836950578,Data splitting,0.6666666666666665
400,0.96875,9.710775507393658,Naive,0.7777777777777777
400,0.8846153846153846,12.495060852376358,MLE,0.4347826086956522
400,0.8571428571428571,18.05286202099439,Data splitting,0.588235294117647
400,0.8,10.14635215248581,Naive,0.5
400,0.8653846153846154,12.730921827634194,MLE,0.34782608695652173
400,0.90625,18.279068662897778,Data splitting,0.4444444444444445
400,0.8928571428571429,9.191339274781152,Naive,0.47058823529411764
400,0.85,12.755104855191885,MLE,0.5
400,1.0,17.618585091309374,Data splitting,0.7058823529411764
400,0.9166666666666666,8.801562825087002,Naive,0.7499999999999999
400,0.95,12.552805847124176,MLE,0.64
400,0.9166666666666666,18.980827880895074,Data splitting,0.7368421052631577
400,0.9166666666666666,10.082551367119978,Naive,0.7272727272727272
400,0.921875,12.841230211769384,MLE,0.38461538461538464
400,0.8571428571428571,17.52634918859501,Data splitting,0.588235294117647
400,0.875,8.838104758712149,Naive,0.5
400,0.9038461538461539,12.750091332316325,MLE,0.5217391304347826
400,0.85,16.308524075178575,Data splitting,0.4
400,0.9,8.543492250840686,Naive,0.5333333333333333
400,0.9791666666666666,12.916527962971244,MLE,0.45454545454545453
400,1.0,15.219603274486348,Data splitting,0.37499999999999994
400,0.95,8.306109428497537,Naive,0.6666666666666666
400,0.9464285714285714,13.214845060965734,MLE,0.5833333333333334
400,0.9375,17.66813191417618,Data splitting,0.6666666666666665
400,0.96875,9.348811227506243,Naive,0.6666666666666665
400,0.8088235294117647,12.988654830920822,MLE,0.37037037037037035
400,0.75,20.13589981368028,Data splitting,0.3529411764705882
400,0.8055555555555556,9.715307066629558,Naive,0.5263157894736842
400,0.8409090909090909,12.73613872383358,MLE,0.47619047619047616
400,0.8928571428571429,20.052468864986103,Data splitting,0.588235294117647
400,0.8214285714285714,9.661998526166514,Naive,0.7058823529411764
400,0.8529411764705882,12.966127122856944,MLE,0.5185185185185185
400,0.85,22.227348608536186,Data splitting,0.5
400,0.8055555555555556,10.02779860087068,Naive,0.7368421052631577
400,0.8666666666666667,12.487729586205415,MLE,0.56
400,0.8888888888888888,19.018901641809382,Data splitting,0.3157894736842105
400,0.825,9.940409519448323,Naive,0.7
400,0.8333333333333334,12.886528759589794,MLE,0.4
400,0.875,14.708879983142243,Data splitting,0.14285714285714288
400,0.75,9.02152181771342,Naive,0.26666666666666666
400,0.9375,12.855093648422422,MLE,0.4615384615384615
400,0.8611111111111112,20.25822257408465,Data splitting,0.4210526315789474
400,0.90625,9.470080788112046,Naive,0.7777777777777777
400,0.9107142857142857,12.92714565317893,MLE,0.5
400,0.8,16.123349506677442,Data splitting,0.5333333333333333
400,0.8611111111111112,9.341447576253383,Naive,0.5263157894736842
400,0.9772727272727273,12.91798209439042,MLE,0.47619047619047616
400,0.9166666666666666,15.015655092323392,Data splitting,0.4615384615384615
400,0.9375,8.273453269377356,Naive,0.5714285714285715
400,0.8333333333333334,12.711747878991856,MLE,0.48
400,0.8125,14.616194428674415,Data splitting,0.28571428571428575
400,0.6785714285714286,9.210643149720857,Naive,0.588235294117647
400,0.9411764705882353,13.053480514770788,MLE,0.4444444444444445
400,0.90625,18.554804438397202,Data splitting,0.6666666666666665
400,0.8333333333333334,9.869853117597346,Naive,0.6363636363636365
400,0.875,13.22458100003336,MLE,0.1818181818181818
400,0.8125,14.66650515194548,Data splitting,0.14285714285714288
400,0.875,8.740631143741531,Naive,0.125
400,0.8833333333333333,12.696989857666368,MLE,0.4
400,0.95,16.170895250580756,Data splitting,0.5333333333333333
400,0.8888888888888888,9.633279213134852,Naive,0.631578947368421
400,0.8970588235294118,13.181886197197914,MLE,0.4444444444444445
400,0.8888888888888888,20.304592426017788,Data splitting,0.4210526315789474
400,0.8541666666666666,10.27216432336373,Naive,0.5454545454545454
400,0.9444444444444444,12.86148341651288,MLE,0.5263157894736842
400,0.8928571428571429,16.334082772638876,Data splitting,0.588235294117647
400,0.9,8.520823308733533,Naive,0.6666666666666666
400,0.7916666666666666,12.809703527181005,MLE,0.5714285714285714
400,0.75,30.59026012594541,Data splitting,0.608695652173913
400,0.7291666666666666,11.200598735847194,Naive,0.5454545454545454
400,0.9666666666666667,12.94282619105106,MLE,0.4
400,1.0,17.125849799251462,Data splitting,0.4444444444444445
400,0.7708333333333334,10.22115955125044,Naive,0.7272727272727272
400,0.9423076923076923,12.737144272726965,MLE,0.34782608695652173
400,0.8928571428571429,16.539205159413292,Data splitting,0.47058823529411764
400,0.9166666666666666,8.710212094757594,Naive,0.5
400,0.85,12.72183823135929,MLE,0.56
400,0.6944444444444444,20.05273442922687,Data splitting,0.4210526315789474
400,0.8076923076923077,10.568776229127248,Naive,0.6956521739130435
400,0.8472222222222222,12.711695475910195,MLE,0.35714285714285715
400,0.8409090909090909,21.915679511953183,Data splitting,0.1904761904761905
400,0.7727272727272727,10.394748510888999,Naive,0.380952380952381
400,0.90625,13.192171105455227,MLE,0.5555555555555556
400,0.7916666666666666,18.16804212067998,Data splitting,0.37499999999999994
400,0.78125,9.231920749211866,Naive,0.5555555555555556
400,0.9375,13.132939709410836,MLE,0.7272727272727272
400,0.8333333333333334,19.969434903141966,Data splitting,0.631578947368421
400,0.8888888888888888,9.47240637666771,Naive,0.7368421052631577
400,0.9107142857142857,13.234596739212643,MLE,0.41666666666666663
400,0.875,15.204369288690373,Data splitting,0.5714285714285715
400,0.9583333333333334,8.846915428904241,Naive,0.625
400,0.8636363636363636,12.531327980322509,MLE,0.47619047619047616
400,0.8928571428571429,17.015136367088157,Data splitting,0.3529411764705882
400,0.75,9.296441174260847,Naive,0.5555555555555556
400,0.9038461538461539,12.440405721137019,MLE,0.608695652173913
400,0.8333333333333334,15.79670308961908,Data splitting,0.5
400,0.8571428571428571,9.098107205961849,Naive,0.7058823529411764
400,0.8625,12.886977517740704,MLE,0.5333333333333333
400,0.8055555555555556,20.97537318711018,Data splitting,0.5263157894736842
400,0.9038461538461539,10.720052519576445,Naive,0.608695652173913
400,0.875,12.544880373551331,MLE,0.5
400,0.9375,14.819773153114989,Data splitting,0.28571428571428575
400,0.7,9.43376259894072,Naive,0.5
400,0.921875,12.691320553526527,MLE,0.38461538461538464
400,0.9642857142857143,17.147809298086795,Data splitting,0.47058823529411764
400,0.8611111111111112,9.476160845075157,Naive,0.631578947368421
400,0.8181818181818182,12.523825212143777,MLE,0.47619047619047616
400,0.8888888888888888,21.309169797692395,Data splitting,0.5263157894736842
400,0.84375,9.862500441826679,Naive,0.6666666666666665
400,0.9107142857142857,13.189984127795878,MLE,0.3333333333333333
400,1.0,12.700518193533558,Data splitting,0.33333333333333337
400,1.0,8.30726296318536,Naive,0.5333333333333333
400,0.9090909090909091,13.284439710204195,MLE,0.47619047619047616
400,0.8333333333333334,19.988063875846358,Data splitting,0.4210526315789474
400,0.90625,9.556990569514301,Naive,0.6666666666666665
400,0.8409090909090909,12.773791111695916,MLE,0.47619047619047616
400,0.775,20.25550038752323,Data splitting,0.5
400,0.825,9.592402604010445,Naive,0.5
400,0.890625,12.516785379491424,MLE,0.6153846153846154
400,0.9,16.91960015336471,Data splitting,0.6666666666666666
400,0.9722222222222222,9.815595239471339,Naive,0.7368421052631577
400,0.7916666666666666,12.572583632435242,MLE,0.45454545454545453
400,0.8928571428571429,18.102339015219275,Data splitting,0.47058823529411764
400,0.7857142857142857,9.349072555093121,Naive,0.588235294117647
400,0.8863636363636364,12.527225658702399,MLE,0.5714285714285713
400,0.7142857142857143,19.66254383864805,Data splitting,0.588235294117647
400,0.84375,9.717850221673476,Naive,0.6666666666666665
400,0.8333333333333334,12.383318419352236,MLE,0.5
400,0.8888888888888888,19.051740612569088,Data splitting,0.7368421052631577
400,0.75,10.527648219577735,Naive,0.7
400,0.8461538461538461,12.955312335594076,MLE,0.34782608695652173
400,0.9166666666666666,16.075002603568333,Data splitting,0.25
400,0.85,8.593069293461278,Naive,0.5333333333333333
400,0.9,12.102051382897088,MLE,0.56
400,0.8,16.907664971282877,Data splitting,0.6666666666666666
400,0.8928571428571429,9.253389485727364,Naive,0.8235294117647058
400,0.9545454545454546,13.037342253821805,MLE,0.380952380952381
400,0.75,17.398884443579586,Data splitting,0.588235294117647
400,0.8214285714285714,9.362800436835117,Naive,0.588235294117647
400,0.9166666666666666,12.810914356056998,MLE,0.48
400,0.75,18.740218221619273,Data splitting,0.7058823529411764
400,0.9642857142857143,9.202019660551333,Naive,0.8235294117647058
400,0.8214285714285714,12.737804394172558,MLE,0.5833333333333334
400,0.8611111111111112,18.231044291569944,Data splitting,0.631578947368421
400,0.875,9.669616386762934,Naive,0.7
400,0.85,12.514332095489843,MLE,0.7
400,0.75,18.483957426366064,Data splitting,0.5
400,0.7916666666666666,9.017091542773054,Naive,0.625
400,0.9,12.782550286292974,MLE,0.6
400,0.8571428571428571,18.904634996135446,Data splitting,0.7058823529411764
400,0.8125,9.659385328295473,Naive,0.7777777777777777
400,0.875,12.78836594524366,MLE,0.3
400,0.8928571428571429,17.11927757376214,Data splitting,0.23529411764705882
400,0.875,8.233607969313507,Naive,0.4285714285714285
400,0.8571428571428571,12.840716908563476,MLE,0.5833333333333334
400,0.84375,19.400446838930037,Data splitting,0.5555555555555556
400,0.8409090909090909,10.335278236121058,Naive,0.6666666666666666
400,0.8157894736842105,12.361783939799594,MLE,0.5517241379310345
400,0.9583333333333334,16.418373605620612,Data splitting,0.625
400,0.8055555555555556,9.635734046865613,Naive,0.631578947368421
400,0.9090909090909091,12.315815396210002,MLE,0.6666666666666666
400,0.85,15.417369229510417,Data splitting,0.5333333333333333
400,0.75,9.098329676702583,Naive,0.7058823529411764
400,0.9090909090909091,12.566079874875282,MLE,0.6666666666666666
400,0.8611111111111112,17.917242596180543,Data splitting,0.5263157894736842
400,0.9,9.743892139917781,Naive,0.7
400,1.0,13.110794933944417,MLE,0.45454545454545453
400,0.9375,15.303333954380816,Data splitting,0.5714285714285715
400,0.9,8.768199811966724,Naive,0.5333333333333333
400,0.975,13.286038731624206,MLE,0.5
400,0.84375,18.991120190572733,Data splitting,0.33333333333333326
400,0.8571428571428571,9.107800841171086,Naive,0.47058823529411764
400,0.7884615384615384,12.374446198434812,MLE,0.5217391304347826
400,0.9375,15.008210131113204,Data splitting,0.4285714285714285
400,0.9375,9.35440896616697,Naive,0.6666666666666665
400,0.9423076923076923,12.567963816862752,MLE,0.6956521739130435
400,1.0,14.546525743806408,Data splitting,0.4615384615384615
400,0.9166666666666666,8.855681451465447,Naive,0.5
400,0.9285714285714286,12.715738953671664,MLE,0.47058823529411764
400,0.875,16.700178450312496,Data splitting,0.37499999999999994
400,0.95,8.395399495384844,Naive,0.26666666666666666
400,0.8958333333333334,12.684102604099971,MLE,0.3636363636363636
400,0.9166666666666666,17.14466015246032,Data splitting,0.625
400,0.8,8.8433499240649,Naive,0.6666666666666666
400,0.9318181818181818,12.40029768951502,MLE,0.47619047619047616
400,0.8125,19.251119495137715,Data splitting,0.33333333333333326
400,0.8125,9.481783190714927,Naive,0.4444444444444445
400,0.8125,12.790361487932088,MLE,0.3636363636363636
400,0.84375,17.819729768849072,Data splitting,0.6666666666666665
400,0.9375,9.963600813536472,Naive,0.6363636363636365
400,0.825,13.10217336220244,MLE,0.4
400,0.8409090909090909,23.125785768933444,Data splitting,0.5714285714285713
400,0.95,10.051134804765798,Naive,0.7
400,0.9210526315789473,13.049602683563768,MLE,0.41379310344827586
400,0.75,17.372641361254587,Data splitting,0.5
400,0.8863636363636364,10.097621495952728,Naive,0.761904761904762
400,0.8552631578947368,12.811979384693487,MLE,0.5517241379310345
400,0.90625,19.12815792439838,Data splitting,0.5555555555555556
400,0.8333333333333334,11.164027041868794,Naive,0.7272727272727272
400,0.8214285714285714,12.474024958100314,MLE,0.41666666666666663
400,0.8214285714285714,17.931534773170686,Data splitting,0.3529411764705882
400,0.8125,9.29868636722486,Naive,0.6666666666666665
400,0.8571428571428571,12.936253678266535,MLE,0.5
400,0.875,17.762478009154776,Data splitting,0.5555555555555556
400,0.8,9.80068304719281,Naive,0.7
400,0.9038461538461539,12.701832817127789,MLE,0.608695652173913
400,0.6153846153846154,28.614245316737627,Data splitting,0.608695652173913
400,0.85,10.132668137328697,Naive,0.8000000000000002
400,0.9615384615384616,12.82653688280126,MLE,0.5217391304347826
400,0.9,15.254429062187736,Data splitting,0.5333333333333333
400,0.875,8.852563450134406,Naive,0.625
400,0.8571428571428571,12.565345562610746,MLE,0.5833333333333334
400,0.9166666666666666,19.45738953014429,Data splitting,0.5263157894736842
400,0.9166666666666666,9.68228503100312,Naive,0.631578947368421
400,0.8888888888888888,12.447182255237648,MLE,0.631578947368421
400,0.875,16.966722254664045,Data splitting,0.5
400,0.9166666666666666,8.983269207267218,Naive,0.7499999999999999
400,0.85,12.646265419467282,MLE,0.5
400,0.6666666666666666,16.340854638611177,Data splitting,0.625
400,0.8571428571428571,8.987626154673837,Naive,0.588235294117647
400,0.7857142857142857,12.080708294264882,MLE,0.5
400,0.8863636363636364,22.620259051393216,Data splitting,0.47619047619047616
400,0.8055555555555556,9.8540590178708,Naive,0.631578947368421
400,0.9117647058823529,13.013015924702373,MLE,0.4444444444444445
400,0.95,18.250226548889025,Data splitting,0.7
400,0.8653846153846154,10.932667351099505,Naive,0.608695652173913
400,0.8666666666666667,13.226772337515765,MLE,0.48
400,0.9375,22.247937920979002,Data splitting,0.7272727272727272
400,0.875,10.215341371199552,Naive,0.8000000000000002
400,0.9583333333333334,12.91174867862855,MLE,0.5454545454545454
400,0.8928571428571429,18.336168650114896,Data splitting,0.47058823529411764
400,0.8333333333333334,9.164033145224098,Naive,0.5
400,0.9107142857142857,12.629341289417072,MLE,0.6666666666666666
400,0.8888888888888888,20.161423653164235,Data splitting,0.7368421052631577
400,0.875,9.882193329111379,Naive,0.7
400,0.8970588235294118,12.23203211599625,MLE,0.6666666666666667
400,0.5833333333333334,32.23785832587977,Data splitting,0.7272727272727272
400,0.8653846153846154,10.726736737925268,Naive,0.7826086956521738
400,0.84375,12.710070713136096,MLE,0.38461538461538464
400,0.8888888888888888,19.756975340726296,Data splitting,0.5263157894736842
400,0.65,10.232718642659586,Naive,0.6
400,0.8269230769230769,12.604157824524632,MLE,0.6956521739130435
400,0.7,24.85012520013416,Data splitting,0.7
400,0.7692307692307693,10.847507355283264,Naive,0.7826086956521738
400,0.875,13.17514308569153,MLE,0.25
400,0.90625,18.052178132468065,Data splitting,0.33333333333333326
400,0.875,9.275196314047125,Naive,0.4000000000000001
400,0.7954545454545454,12.203514492148143,MLE,0.6666666666666666
400,0.7916666666666666,18.239885955925246,Data splitting,0.7499999999999999
400,0.7142857142857143,9.170284013206173,Naive,0.8235294117647058
400,0.765625,12.836673523922386,MLE,0.4615384615384615
400,0.7708333333333334,36.52082965489214,Data splitting,0.45454545454545453
400,0.6590909090909091,11.12978526296813,Naive,0.5714285714285713
400,0.7222222222222222,12.932418179557954,MLE,0.5
400,0.8214285714285714,17.497543559539807,Data splitting,0.588235294117647
400,0.8571428571428571,9.392414168879517,Naive,0.588235294117647
400,0.85,12.721375364736648,MLE,0.48
400,0.8333333333333334,17.594682957619167,Data splitting,0.625
400,0.8055555555555556,9.81316261636021,Naive,0.631578947368421
400,0.9,12.72956391817624,MLE,0.4000000000000001
400,0.9,16.223097334526393,Data splitting,0.26666666666666666
400,0.8888888888888888,9.549062105383232,Naive,0.631578947368421
400,0.8636363636363636,12.736829566286765,MLE,0.380952380952381
400,0.875,15.90338603254567,Data splitting,0.37499999999999994
400,0.84375,9.230056581298985,Naive,0.4444444444444445
400,0.8461538461538461,12.594673938353218,MLE,0.608695652173913
400,0.9285714285714286,17.55448474603074,Data splitting,0.588235294117647
400,0.84375,9.380638577393562,Naive,0.7777777777777777
400,0.8611111111111112,13.072203622160071,MLE,0.2105263157894737
400,0.9375,14.66272626485217,Data splitting,0.14285714285714288
400,0.95,8.521428756027921,Naive,0.26666666666666666
400,0.8,12.256015110892312,MLE,0.7
400,0.9285714285714286,18.185493246610307,Data splitting,0.588235294117647
400,0.8928571428571429,9.321940248014988,Naive,0.8235294117647058
400,0.9464285714285714,12.70175607782751,MLE,0.6666666666666666
400,0.8888888888888888,18.16925167695832,Data splitting,0.3157894736842105
400,0.8888888888888888,9.285454301954664,Naive,0.631578947368421
400,0.9545454545454546,13.100379094251304,MLE,0.5714285714285713
400,0.9166666666666666,14.160683419907128,Data splitting,0.30769230769230765
400,0.90625,9.19946008838274,Naive,0.6666666666666665
400,0.8636363636363636,12.540390289579507,MLE,0.380952380952381
400,0.71875,18.567162238897662,Data splitting,0.33333333333333326
400,0.7777777777777778,9.616656526115767,Naive,0.5263157894736842
400,0.96875,12.916510099054854,MLE,0.4444444444444445
400,0.85,16.82894300598327,Data splitting,0.4
400,0.7916666666666666,8.681620809147397,Naive,0.5
400,1.0,12.803309391536018,MLE,0.4615384615384615
400,0.95,16.04152163922162,Data splitting,0.5333333333333333
400,0.9444444444444444,9.345780626523469,Naive,0.631578947368421
400,0.8875,12.737560628303749,MLE,0.4666666666666667
400,0.7142857142857143,17.95337782214447,Data splitting,0.7058823529411764
400,0.775,9.983544258246052,Naive,0.7
400,0.7727272727272727,12.569931851674225,MLE,0.380952380952381
400,0.7916666666666666,17.11174576172056,Data splitting,0.5
400,0.8571428571428571,9.15649620994529,Naive,0.588235294117647
400,0.8833333333333333,12.43448593417181,MLE,0.56
400,0.85,15.8189525402633,Data splitting,0.5333333333333333
400,0.9,9.988031106747925,Naive,0.7
400,0.8333333333333334,12.929288364467013,MLE,0.4210526315789474
400,0.8571428571428571,18.05015752238551,Data splitting,0.47058823529411764
400,0.7857142857142857,9.192331299227698,Naive,0.588235294117647
400,0.7857142857142857,12.702748521213625,MLE,0.5
400,0.9642857142857143,16.261304738169237,Data splitting,0.47058823529411764
400,0.8333333333333334,9.556976835399588,Naive,0.5263157894736842
400,0.868421052631579,13.55268449484298,MLE,0.41379310344827586
400,0.9722222222222222,19.802900544778158,Data splitting,0.5263157894736842
400,0.9444444444444444,9.632856063932604,Naive,0.5263157894736842
400,0.9038461538461539,12.959138673828674,MLE,0.5217391304347826
400,0.90625,18.647661538358076,Data splitting,0.33333333333333326
400,0.75,9.292154299021815,Naive,0.631578947368421
400,0.9375,12.712540013288482,MLE,0.3636363636363636
400,1.0,14.724955781434673,Data splitting,0.28571428571428575
400,0.7916666666666666,8.671331217861459,Naive,0.5
400,0.8125,12.961919657399699,MLE,0.4666666666666667
400,0.95,17.232798210653804,Data splitting,0.5333333333333333
400,0.78125,9.715146558354705,Naive,0.888888888888889
400,0.8636363636363636,12.620330597572451,MLE,0.380952380952381
400,0.55,18.10377879930694,Data splitting,0.5333333333333333
400,0.8125,9.446509975268992,Naive,0.6666666666666665
400,0.8676470588235294,12.721406215426018,MLE,0.4444444444444445
400,0.75,16.4113614947037,Data splitting,0.4
400,0.6875,9.513064996183203,Naive,0.4444444444444445
400,0.8676470588235294,12.574908446868598,MLE,0.5185185185185185
400,0.8333333333333334,21.568240016332762,Data splitting,0.631578947368421
400,0.8611111111111112,10.169640568377263,Naive,0.7368421052631577
400,0.8958333333333334,12.80148689019258,MLE,0.5454545454545454
400,0.875,13.113035858939984,Data splitting,0.33333333333333337
400,0.8571428571428571,9.198076166399687,Naive,0.588235294117647
400,0.96875,12.892229749600359,MLE,0.5555555555555556
400,0.9285714285714286,17.090172044649044,Data splitting,0.47058823529411764
400,0.7777777777777778,9.543524400922234,Naive,0.5263157894736842
400,0.75,12.746802619018316,MLE,0.56
400,0.75,17.02050640289284,Data splitting,0.4
400,0.9642857142857143,9.168329844240203,Naive,0.8235294117647058
400,0.875,12.814641959320415,MLE,0.5
400,0.9375,14.718229432445995,Data splitting,0.4285714285714285
400,0.9375,8.995947793225664,Naive,0.5555555555555556
400,0.868421052631579,12.747239602282875,MLE,0.5517241379310345
400,0.9318181818181818,20.261735349460533,Data splitting,0.6666666666666666
400,0.8571428571428571,9.176247809773006,Naive,0.8235294117647058
400,0.75,12.284559495800089,MLE,0.48
400,0.75,20.61795689998279,Data splitting,0.5555555555555556
400,0.7291666666666666,10.529318889782836,Naive,0.6363636363636365
400,0.8958333333333334,12.740653555995726,MLE,0.45454545454545453
400,0.8636363636363636,20.75743130063191,Data splitting,0.47619047619047616
400,0.8125,9.242582086936942,Naive,0.5555555555555556
400,0.875,12.65366361358599,MLE,0.5
400,0.9375,15.421462076909528,Data splitting,0.28571428571428575
400,0.7,10.001058868314685,Naive,0.5
400,0.8863636363636364,12.765406687378004,MLE,0.380952380952381
400,0.95,14.996021489367436,Data splitting,0.4
400,0.9166666666666666,8.59998027731831,Naive,0.37499999999999994
400,0.9,12.86017018728225,MLE,0.48
400,1.0,15.107463655514184,Data splitting,0.28571428571428575
400,0.8333333333333334,8.932400182106036,Naive,0.625
400,0.9375,12.818517201300507,MLE,0.3636363636363636
400,0.875,17.30035363536732,Data splitting,0.5
400,0.75,9.259436853417775,Naive,0.7499999999999999
400,0.85,12.985329814344878,MLE,0.48
400,0.8571428571428571,17.621322948264574,Data splitting,0.3529411764705882
400,0.875,8.934777581255759,Naive,0.625
400,0.925,12.817297925255824,MLE,0.5
400,0.9375,14.618474067745623,Data splitting,0.4285714285714285
400,0.9285714285714286,9.025338107193651,Naive,0.588235294117647
400,0.828125,12.591079199851563,MLE,0.38461538461538464
400,0.8333333333333334,18.00577927268026,Data splitting,0.37499999999999994
400,0.9444444444444444,9.499124917822503,Naive,0.631578947368421
400,0.9807692307692307,13.257655496397966,MLE,0.4347826086956522
400,1.0,14.502306125811897,Data splitting,0.30769230769230765
400,0.9375,9.280980601004998,Naive,0.5555555555555556
400,0.7678571428571429,12.95722242158585,MLE,0.5
400,0.8181818181818182,22.545733812028644,Data splitting,0.5714285714285713
400,0.8571428571428571,9.406790871870816,Naive,0.7058823529411764
400,0.9464285714285714,12.562948896074934,MLE,0.41666666666666663
400,0.8333333333333334,16.824147686678156,Data splitting,0.625
400,0.9583333333333334,8.90719612795303,Naive,0.625
400,0.8636363636363636,12.847928440277782,MLE,0.5714285714285713
400,0.8928571428571429,17.126536073987474,Data splitting,0.47058823529411764
400,0.7857142857142857,9.291074194197368,Naive,0.7058823529411764
400,0.8666666666666667,12.91187629287879,MLE,0.48
400,0.675,22.880855605221804,Data splitting,0.7
400,0.925,10.126098086643946,Naive,0.7
400,0.7321428571428571,12.65257201244776,MLE,0.5833333333333334
400,0.775,23.632559594966132,Data splitting,0.7
400,0.6818181818181818,10.736029128265567,Naive,0.761904761904762
400,0.7647058823529411,12.291808902043938,MLE,0.5925925925925927
400,0.7291666666666666,26.37470900563522,Data splitting,0.6363636363636365
400,0.75,11.245603181349813,Naive,0.8181818181818182
400,0.9117647058823529,12.490721900066195,MLE,0.5185185185185185
400,0.8928571428571429,16.854474234892166,Data splitting,0.47058823529411764
400,0.9375,9.751325871703626,Naive,0.888888888888889
400,0.9230769230769231,12.976553801192987,MLE,0.4347826086956522
400,0.75,13.552490143781577,Data splitting,0.33333333333333337
400,0.7083333333333334,8.941858220996986,Naive,0.5
400,0.925,12.688831512899654,MLE,0.6
400,0.84375,18.54455441289143,Data splitting,0.5555555555555556
400,0.8863636363636364,10.200607650813343,Naive,0.6666666666666666
400,0.8666666666666667,12.900601003708799,MLE,0.32
400,0.85,15.385858229488537,Data splitting,0.26666666666666666
400,0.875,9.055388538638443,Naive,0.4444444444444445
400,0.890625,12.724144718475937,MLE,0.38461538461538464
400,0.9583333333333334,15.878846140433168,Data splitting,0.37499999999999994
400,0.9166666666666666,8.799765361010447,Naive,0.5
400,0.8571428571428571,13.064284246144833,MLE,0.5
400,0.8888888888888888,20.852353696110868,Data splitting,0.5263157894736842
400,0.9,10.043965773793577,Naive,0.8000000000000002
400,0.9090909090909091,12.754950440401387,MLE,0.5714285714285713
400,0.95,15.700017513404315,Data splitting,0.5333333333333333
400,0.95,9.564383657677027,Naive,0.6
400,0.8125,12.952968393510822,MLE,0.3076923076923077
400,0.775,19.864946893707145,Data splitting,0.5
400,0.6875,10.413440449442977,Naive,0.45454545454545453
400,0.85,12.97179742351803,MLE,0.5
400,0.9285714285714286,17.974519040217142,Data splitting,0.3529411764705882
400,0.8571428571428571,9.217840585896393,Naive,0.8235294117647058
400,0.875,12.370234166219806,MLE,0.6666666666666665
400,0.6944444444444444,22.467699501246006,Data splitting,0.8421052631578948
400,0.71875,9.879284077699065,Naive,0.888888888888889
400,0.8035714285714286,12.259200290422585,MLE,0.5833333333333334
400,0.65,16.78846968976362,Data splitting,0.4
400,0.8409090909090909,10.03757414694742,Naive,0.6666666666666666
400,0.9583333333333334,12.58081424958641,MLE,0.6363636363636365
400,0.9285714285714286,18.27712102882368,Data splitting,0.8235294117647058
400,0.75,10.990313980111447,Naive,0.8181818181818182
400,0.9,12.66089467091641,MLE,0.5
400,0.8333333333333334,16.991193757834093,Data splitting,0.25
400,0.9375,9.043110831342842,Naive,0.5555555555555556
400,0.7954545454545454,12.88766149583484,MLE,0.28571428571428564
400,0.8333333333333334,17.764689794237878,Data splitting,0.37499999999999994
400,0.9166666666666666,8.939451858783142,Naive,0.5
400,0.8571428571428571,12.333344692530213,MLE,0.5833333333333334
400,0.75,16.848480822091165,Data splitting,0.4
400,0.6785714285714286,9.169844518165746,Naive,0.47058823529411764
400,0.8636363636363636,12.749175661761619,MLE,0.5714285714285713
400,0.8055555555555556,18.335306769698967,Data splitting,0.3157894736842105
400,0.85,9.792473472386813,Naive,0.7
400,0.9333333333333333,12.821035211065565,MLE,0.24
400,0.875,16.940005841484567,Data splitting,0.5
400,0.90625,9.456348720984908,Naive,0.4444444444444445
400,0.8846153846153846,12.971678538014377,MLE,0.4347826086956522
400,1.0,14.440632284379255,Data splitting,0.4285714285714285
400,0.7857142857142857,9.03876126586876,Naive,0.47058823529411764
400,0.8125,12.507220143000096,MLE,0.6363636363636365
400,0.8571428571428571,18.740182441534806,Data splitting,0.3529411764705882
400,0.875,9.28464673183297,Naive,0.7499999999999999
400,0.96875,13.504559753525173,MLE,0.38461538461538464
400,0.8125,18.103983954509047,Data splitting,0.5555555555555556
400,0.925,9.250127660597936,Naive,0.6
400,0.85,12.521009027973063,MLE,0.48
400,0.9,17.236254383339006,Data splitting,0.6666666666666666
400,0.875,9.720637863279705,Naive,0.6
400,0.8541666666666666,12.902286500484045,MLE,0.3636363636363636
400,0.95,16.192551818576234,Data splitting,0.6666666666666666
400,0.9583333333333334,8.936056364572565,Naive,0.625
400,0.8928571428571429,12.93137598599169,MLE,0.3333333333333333
400,0.7916666666666666,17.085086653733338,Data splitting,0.625
400,0.6875,9.183101817183228,Naive,0.33333333333333326
400,0.925,12.953927981412232,MLE,0.5
400,0.85,20.864261971173867,Data splitting,0.5
400,0.8125,9.360413996319295,Naive,0.6666666666666665
400,0.9230769230769231,13.11470364322468,MLE,0.4347826086956522
400,0.95,15.835231386793453,Data splitting,0.5333333333333333
400,0.85,8.570843864719563,Naive,0.5333333333333333
400,0.7631578947368421,12.378933905040691,MLE,0.5517241379310345
400,0.9642857142857143,18.072326471741142,Data splitting,0.7058823529411764
400,0.8409090909090909,10.467592341962527,Naive,0.761904761904762
400,0.859375,13.04210476255966,MLE,0.4615384615384615
400,0.9583333333333334,16.961415932540024,Data splitting,0.625
400,0.90625,9.607859086708238,Naive,0.6666666666666665
400,0.78125,12.995658452300473,MLE,0.38461538461538464
400,0.95,16.009196225007006,Data splitting,0.26666666666666666
400,0.78125,9.425060058846167,Naive,0.5555555555555556
400,0.8194444444444444,12.686743343480446,MLE,0.35714285714285715
400,0.9583333333333334,15.774144701826351,Data splitting,0.37499999999999994
400,0.75,9.63858203212475,Naive,0.4210526315789474
400,0.9821428571428571,12.747517804218186,MLE,0.41666666666666663
400,0.9,16.31176850470942,Data splitting,0.4
400,0.8928571428571429,8.969951863277355,Naive,0.588235294117647
400,0.9821428571428571,12.824215854396163,MLE,0.5
400,0.9230769230769231,24.518746762378665,Data splitting,0.6956521739130435
400,0.8269230769230769,10.660373386989457,Naive,0.7826086956521738
400,0.9333333333333333,13.010498518630431,MLE,0.64
400,0.9166666666666666,16.923461432193452,Data splitting,0.625
400,0.9375,9.49812576425198,Naive,0.888888888888889
400,0.8392857142857143,12.48084823011415,MLE,0.6666666666666666
400,0.9642857142857143,17.09761551717272,Data splitting,0.7058823529411764
400,0.8,9.985961235905158,Naive,0.8000000000000002
400,0.9375,12.376362205918198,MLE,0.6363636363636365
400,0.6944444444444444,20.106547946060363,Data splitting,0.631578947368421
400,0.825,9.863204394430024,Naive,0.8000000000000002
400,0.7666666666666667,12.736625223662479,MLE,0.56
400,0.8333333333333334,19.428860909213277,Data splitting,0.4210526315789474
400,0.7857142857142857,9.2577419272363,Naive,0.7058823529411764
400,0.8166666666666667,12.55956844724125,MLE,0.56
400,0.875,15.203375330621409,Data splitting,0.28571428571428575
400,0.75,9.303744397034228,Naive,0.7777777777777777
400,0.9444444444444444,12.966316705223797,MLE,0.35714285714285715
400,0.9583333333333334,15.793363206001743,Data splitting,0.25
400,0.8125,8.871850066269033,Naive,0.5555555555555556
400,0.8461538461538461,13.002281680383184,MLE,0.4347826086956522
400,0.875,20.150430903330886,Data splitting,0.5
400,0.8055555555555556,9.697218773804146,Naive,0.7368421052631577
400,0.78125,13.0789805993432,MLE,0.4615384615384615
400,0.9375,15.412866377529507,Data splitting,0.14285714285714288
400,0.78125,8.913848768613848,Naive,0.5555555555555556
400,0.9285714285714286,12.73538269728421,MLE,0.3333333333333333
400,0.75,16.83429474260327,Data splitting,0.5333333333333333
400,0.9642857142857143,9.068996823387813,Naive,0.7058823529411764
400,0.8541666666666666,12.521343903569488,MLE,0.6363636363636365
400,0.9285714285714286,17.25742231390214,Data splitting,0.47058823529411764
400,0.75,9.197059597563571,Naive,0.4444444444444445
400,0.9583333333333334,12.696679180726955,MLE,0.5454545454545454
400,1.0,15.61633371909682,Data splitting,0.5333333333333333
400,0.8214285714285714,9.23321866403607,Naive,0.7058823529411764
400,0.859375,12.904381505355571,MLE,0.5384615384615384
400,0.8928571428571429,17.038025548329966,Data splitting,0.3529411764705882
400,0.7142857142857143,8.876958517167372,Naive,0.47058823529411764
400,0.8958333333333334,13.043881946440075,MLE,0.3636363636363636
400,0.75,16.30982838629967,Data splitting,0.5
400,0.8928571428571429,9.138509099188733,Naive,0.7058823529411764
400,0.8970588235294118,13.181598699932204,MLE,0.4444444444444445
400,0.8181818181818182,25.401671618532774,Data splitting,0.5714285714285713
400,0.8888888888888888,9.516759757583248,Naive,0.7368421052631577
400,0.9333333333333333,12.842295486355047,MLE,0.64
400,0.9230769230769231,22.90632311451469,Data splitting,0.6956521739130435
400,0.9,10.332605422496252,Naive,0.8000000000000002
400,0.9558823529411765,12.813684126564675,MLE,0.5925925925925927
400,0.9,22.243044564187688,Data splitting,0.7
400,0.9,9.975381070478786,Naive,0.8000000000000002
400,0.7941176470588235,12.895342962811966,MLE,0.4444444444444445
400,0.6944444444444444,20.269836816344817,Data splitting,0.4210526315789474
400,0.8214285714285714,10.526349312280265,Naive,0.5833333333333334
400,0.8235294117647058,12.888762584907958,MLE,0.4444444444444445
400,0.9375,17.57344501009521,Data splitting,0.4444444444444445
400,0.75,9.692930089195208,Naive,0.7777777777777777
400,0.9166666666666666,12.774173109375397,MLE,0.5263157894736842
400,0.8125,16.411151391041606,Data splitting,0.4285714285714285
400,0.7,9.891867554135768,Naive,0.7
400,0.9117647058823529,13.06293418535589,MLE,0.5185185185185185
400,0.875,21.6310693702033,Data splitting,0.4000000000000001
400,0.9166666666666666,9.615513099249524,Naive,0.631578947368421
400,0.8846153846153846,12.871437330550142,MLE,0.5217391304347826
400,0.9375,14.488591422882012,Data splitting,0.4285714285714285
400,0.8055555555555556,9.458096592538562,Naive,0.631578947368421
400,0.925,12.492064550666052,MLE,0.6
400,0.7916666666666666,18.36270878784276,Data splitting,0.625
400,0.8,9.071550880924622,Naive,0.6666666666666666
400,0.734375,12.682293255991297,MLE,0.3076923076923077
400,0.78125,19.361486018204403,Data splitting,0.4444444444444445
400,0.8571428571428571,10.427770115204462,Naive,0.6666666666666666
400,0.95,12.760075643373638,MLE,0.56
400,0.9166666666666666,16.144874229159885,Data splitting,0.37499999999999994
400,0.8611111111111112,9.689716803989137,Naive,0.631578947368421
400,0.8552631578947368,13.084797688110688,MLE,0.5517241379310345
400,0.75,24.602987081894838,Data splitting,0.4000000000000001
400,0.8571428571428571,10.992917567480458,Naive,0.6666666666666666
400,0.78125,12.386229299899833,MLE,0.6153846153846154
400,0.7222222222222222,23.732671080141515,Data splitting,0.7368421052631577
400,0.8333333333333334,9.934682252572578,Naive,0.7368421052631577
400,0.9375,12.953281135396677,MLE,0.6666666666666665
400,0.9166666666666666,16.280102715460618,Data splitting,0.5
400,0.84375,9.457591135460815,Naive,0.7777777777777777
400,0.9583333333333334,12.356983582465576,MLE,0.45454545454545453
400,0.8333333333333334,16.712252634744996,Data splitting,0.625
400,0.78125,9.261657178791367,Naive,0.5555555555555556
400,0.7916666666666666,12.489582298792994,MLE,0.5714285714285714
400,1.0,15.765894624022266,Data splitting,0.5714285714285715
400,0.78125,9.664229653037742,Naive,0.6666666666666665
400,0.859375,12.83115297660422,MLE,0.5384615384615384
400,0.8055555555555556,20.82935021221267,Data splitting,0.5263157894736842
400,0.8863636363636364,9.601393572811624,Naive,0.761904761904762
400,0.9375,12.746269782006456,MLE,0.5454545454545454
400,0.8888888888888888,19.758567328729917,Data splitting,0.3157894736842105
400,0.8214285714285714,9.158320400131574,Naive,0.3529411764705882
400,0.9545454545454546,12.689691791406874,MLE,0.380952380952381
400,0.8125,16.756463119978847,Data splitting,0.28571428571428575
400,0.84375,9.799411941710417,Naive,0.6666666666666665
400,0.9230769230769231,12.44249682570489,MLE,0.6956521739130435
400,0.8571428571428571,17.882310483080666,Data splitting,0.588235294117647
400,0.84375,9.378835895033767,Naive,0.7777777777777777
400,0.8958333333333334,12.85537616192372,MLE,0.3636363636363636
400,0.75,16.01232901628878,Data splitting,0.4
400,0.7857142857142857,9.10240560549927,Naive,0.47058823529411764
400,0.9230769230769231,12.599222509048113,MLE,0.6956521739130435
400,0.95,15.192891609558377,Data splitting,0.4
400,0.8611111111111112,9.539455824434228,Naive,0.8421052631578948
400,0.95,13.243629265772995,MLE,0.6
400,0.84375,19.15301156962439,Data splitting,0.6666666666666665
400,0.875,9.66025167033593,Naive,0.888888888888889
400,0.9375,13.073030126638066,MLE,0.22222222222222224
400,0.9375,15.090172414172073,Data splitting,0.4285714285714285
400,0.9642857142857143,8.775498743957959,Naive,0.47058823529411764
400,0.9,13.07103060492194,MLE,0.3
400,0.85,15.927636711446263,Data splitting,0.4
400,0.85,8.422326944602151,Naive,0.4
400,0.875,12.704764501027674,MLE,0.16666666666666666
400,0.9285714285714286,16.746298470460292,Data splitting,0.588235294117647
400,0.9,9.403467549283443,Naive,0.7
400,0.8541666666666666,12.666295683774583,MLE,0.5454545454545454
400,0.75,16.734422384933243,Data splitting,0.5333333333333333
400,0.8055555555555556,9.890414422722122,Naive,0.7368421052631577
400,0.8846153846153846,13.026544890063635,MLE,0.5217391304347826
400,0.9166666666666666,14.124492358909519,Data splitting,0.15384615384615383
400,0.9166666666666666,8.62683472985038,Naive,0.37499999999999994
400,0.8875,13.148781738781405,MLE,0.4
400,0.85,15.629719622271116,Data splitting,0.4
400,0.9166666666666666,8.897507081618294,Naive,0.625
400,0.828125,12.674672263090144,MLE,0.6153846153846154
400,0.6666666666666666,17.16162207006124,Data splitting,0.5
400,0.8409090909090909,9.910102554045098,Naive,0.6666666666666666
400,0.7763157894736842,12.192134826471557,MLE,0.41379310344827586
400,0.85,19.424045449379456,Data splitting,0.4000000000000001
400,0.6111111111111112,9.977202052148103,Naive,0.631578947368421
400,0.8636363636363636,12.678256002859483,MLE,0.5714285714285713
400,0.7916666666666666,24.41601111023493,Data splitting,0.5454545454545454
400,0.8409090909090909,10.363741002196297,Naive,0.6666666666666666
400,0.9166666666666666,12.725931151428375,MLE,0.32
400,0.95,14.847716507325163,Data splitting,0.4
400,0.71875,9.25988866499199,Naive,0.5555555555555556
400,0.9444444444444444,12.812126765363464,MLE,0.631578947368421
400,0.8571428571428571,17.037772130462532,Data splitting,0.7058823529411764
400,1.0,8.92462680109253,Naive,0.8235294117647058
400,0.875,12.75644695491939,MLE,0.4615384615384615
400,0.8125,19.504454783561393,Data splitting,0.5555555555555556
400,0.8611111111111112,9.31780871261814,Naive,0.631578947368421
400,0.9166666666666666,12.96309377289607,MLE,0.56
400,0.9583333333333334,16.823271834655596,Data splitting,0.25
400,0.9166666666666666,8.744589258235083,Naive,0.5
400,0.85,12.931184702329341,MLE,0.5
400,0.8571428571428571,19.28143336938069,Data splitting,0.588235294117647
400,0.9,9.802859848102978,Naive,0.7
400,0.8958333333333334,12.818252418512017,MLE,0.45454545454545453
400,0.7777777777777778,18.889339162784808,Data splitting,0.5263157894736842
400,0.8409090909090909,10.115131768221913,Naive,0.761904761904762
400,0.890625,13.02164510327107,MLE,0.5384615384615384
400,0.48214285714285715,61.36901137781116,Data splitting,0.6666666666666666
400,0.6964285714285714,11.446043677864608,Naive,0.5833333333333334
400,0.9583333333333334,12.830493130863134,MLE,0.45454545454545453
400,0.9166666666666666,14.886360397294036,Data splitting,0.30769230769230765
400,0.9,8.356142818943788,Naive,0.5333333333333333
400,0.875,12.668084468929692,MLE,0.5833333333333334
400,0.9375,18.21805782963709,Data splitting,0.4444444444444445
400,0.7954545454545454,10.10425783920791,Naive,0.5714285714285713
400,0.9027777777777778,12.848158875132604,MLE,0.42857142857142855
400,0.8125,17.119017194285547,Data splitting,0.33333333333333326
400,0.8611111111111112,9.376835316590494,Naive,0.7368421052631577
400,0.9078947368421053,12.868821425184727,MLE,0.41379310344827586
400,0.9722222222222222,18.51312416230952,Data splitting,0.631578947368421
400,0.9,9.906394622337208,Naive,0.8000000000000002
400,0.9166666666666666,12.606782437331972,MLE,0.6363636363636365
400,0.875,17.10067669389277,Data splitting,0.7499999999999999
400,0.8928571428571429,9.183752998798001,Naive,0.7058823529411764
400,0.9545454545454546,12.399274740671792,MLE,0.5714285714285713
400,0.95,15.714478546343543,Data splitting,0.6666666666666666
400,1.0,9.016985171468422,Naive,0.7499999999999999
400,0.9210526315789473,12.913395884512937,MLE,0.3448275862068966
400,0.53125,21.080088608399038,Data splitting,0.5555555555555556
400,0.8958333333333334,10.362772467551077,Naive,0.6363636363636365
400,0.9423076923076923,12.864668219052898,MLE,0.5217391304347826
400,0.875,16.352113856083204,Data splitting,0.25
400,0.78125,9.235602478030465,Naive,0.4444444444444445
400,0.9444444444444444,12.498604250625945,MLE,0.631578947368421
400,0.9375,15.053591295380999,Data splitting,0.28571428571428575
400,0.875,9.666256091282023,Naive,0.7777777777777777
400,0.90625,12.774161283089413,MLE,0.23076923076923075
400,0.9583333333333334,17.607071534155207,Data splitting,0.37499999999999994
400,0.95,8.633815946604868,Naive,0.4
400,0.7833333333333333,13.249409235555113,MLE,0.32
400,0.9,16.539885407322693,Data splitting,0.5333333333333333
400,0.7857142857142857,9.128751164146973,Naive,0.588235294117647
400,0.8166666666666667,12.486070900543735,MLE,0.4
400,0.9583333333333334,17.215057401056885,Data splitting,0.5
400,0.8125,9.333649016281155,Naive,0.4444444444444445
400,0.9423076923076923,12.477497579466782,MLE,0.608695652173913
400,1.0,15.407750986864599,Data splitting,0.5714285714285715
400,0.78125,9.850726838989537,Naive,0.7777777777777777
400,0.9318181818181818,13.02670434115119,MLE,0.47619047619047616
400,0.9375,15.46177393788881,Data splitting,0.4285714285714285
400,0.8333333333333334,8.916254789686336,Naive,0.7499999999999999
400,0.8076923076923077,12.655332564116085,MLE,0.608695652173913
400,0.9,16.67660055475513,Data splitting,0.4
400,0.7045454545454546,10.146713194055875,Naive,0.5714285714285713
400,0.9166666666666666,12.932662794512476,MLE,0.3157894736842105
400,0.9583333333333334,16.543784264829043,Data splitting,0.5
400,0.8571428571428571,9.190756811446331,Naive,0.7058823529411764
400,0.75,12.406900744995793,MLE,0.45454545454545453
400,0.8928571428571429,17.098418361668354,Data splitting,0.3529411764705882
400,0.7857142857142857,9.208505219747853,Naive,0.47058823529411764
400,0.8636363636363636,12.898231901393762,MLE,0.47619047619047616
400,0.9375,15.112326708916292,Data splitting,0.4285714285714285
400,0.8333333333333334,9.712228855494942,Naive,0.631578947368421
400,0.9090909090909091,12.73127569284601,MLE,0.6666666666666666
400,0.9375,16.99945798293623,Data splitting,0.4444444444444445
400,0.8125,9.350100001225163,Naive,0.6666666666666665
400,0.9107142857142857,12.65333639226129,MLE,0.6666666666666666
400,0.9583333333333334,16.356078108014174,Data splitting,0.25
400,0.9375,9.21771036983959,Naive,0.5555555555555556
400,0.875,12.79695231868779,MLE,0.3333333333333333
400,1.0,16.73314483530556,Data splitting,0.47058823529411764
400,0.8888888888888888,9.435547594415116,Naive,0.4210526315789474
400,0.9166666666666666,12.710597549852944,MLE,0.7368421052631577
400,0.85,16.355922053473215,Data splitting,0.4
400,0.8333333333333334,9.735327878207647,Naive,0.631578947368421
400,0.875,12.768206936924285,MLE,0.4615384615384615
400,0.96875,19.117759804969033,Data splitting,0.6666666666666665
400,0.9,9.894282982866084,Naive,0.8000000000000002
400,0.75,12.86776682657245,MLE,0.380952380952381
400,0.9166666666666666,15.865308999550882,Data splitting,0.125
400,0.8333333333333334,8.683569100321632,Naive,0.5
400,0.9444444444444444,12.649792554810242,MLE,0.5263157894736842
400,0.7142857142857143,20.454220949605933,Data splitting,0.588235294117647
400,0.9285714285714286,9.385734776675639,Naive,0.7058823529411764
